file,chi2,convergence,niter,neval,regPen,prior,regul,mu,gamma,tau,wavemin,wavemax
/home/rtc/Documents/rtpav/image_reco/PIONIER_H/MIRA_prior-UD_wave-1.4-1.7999999999999998um-reg-compactness_fov35_pixSc0.6/imageReco_PIONIER_H_prior-UD_wave-1.4-1.7999999999999998_regul-compactness_mu-0.0_gamma-1.0_fov-35_pixSc-0.6.fits,2.206056027185,False,4761,5000,0.0,UD,compactness,0.0,1.0,,1.4,1.7999999999999998
/home/rtc/Documents/rtpav/image_reco/PIONIER_H/MIRA_prior-UD_wave-1.4-1.7999999999999998um-reg-compactness_fov35_pixSc0.6/imageReco_PIONIER_H_prior-UD_wave-1.4-1.7999999999999998_regul-compactness_mu-0.0_gamma-17.5_fov-35_pixSc-0.6.fits,2.206056027185,False,4761,5000,0.0,UD,compactness,0.0,17.5,,1.4,1.7999999999999998
/home/rtc/Documents/rtpav/image_reco/PIONIER_H/MIRA_prior-UD_wave-1.4-1.7999999999999998um-reg-compactness_fov35_pixSc0.6/imageReco_PIONIER_H_prior-UD_wave-1.4-1.7999999999999998_regul-compactness_mu-0.0_gamma-34.0_fov-35_pixSc-0.6.fits,2.206056027185,False,4761,5000,0.0,UD,compactness,0.0,34.0,,1.4,1.7999999999999998
/home/rtc/Documents/rtpav/image_reco/PIONIER_H/MIRA_prior-UD_wave-1.4-1.7999999999999998um-reg-compactness_fov35_pixSc0.6/imageReco_PIONIER_H_prior-UD_wave-1.4-1.7999999999999998_regul-compactness_mu-0.0_gamma-50.5_fov-35_pixSc-0.6.fits,2.206056027185,False,4761,5000,0.0,UD,compactness,0.0,50.5,,1.4,1.7999999999999998
/home/rtc/Documents/rtpav/image_reco/PIONIER_H/MIRA_prior-UD_wave-1.4-1.7999999999999998um-reg-compactness_fov35_pixSc0.6/imageReco_PIONIER_H_prior-UD_wave-1.4-1.7999999999999998_regul-compactness_mu-0.0_gamma-67.0_fov-35_pixSc-0.6.fits,2.206056027185,False,4761,5000,0.0,UD,compactness,0.0,67.0,,1.4,1.7999999999999998
/home/rtc/Documents/rtpav/image_reco/PIONIER_H/MIRA_prior-UD_wave-1.4-1.7999999999999998um-reg-compactness_fov35_pixSc0.6/imageReco_PIONIER_H_prior-UD_wave-1.4-1.7999999999999998_regul-compactness_mu-0.0_gamma-83.5_fov-35_pixSc-0.6.fits,2.206056027185,False,4761,5000,0.0,UD,compactness,0.0,83.5,,1.4,1.7999999999999998
/home/rtc/Documents/rtpav/image_reco/PIONIER_H/MIRA_prior-UD_wave-1.4-1.7999999999999998um-reg-compactness_fov35_pixSc0.6/imageReco_PIONIER_H_prior-UD_wave-1.4-1.7999999999999998_regul-compactness_mu-0.0_gamma-100.0_fov-35_pixSc-0.6.fits,2.206056027185,False,4761,5000,0.0,UD,compactness,0.0,100.0,,1.4,1.7999999999999998
/home/rtc/Documents/rtpav/image_reco/PIONIER_H/MIRA_prior-UD_wave-1.4-1.7999999999999998um-reg-compactness_fov35_pixSc0.6/imageReco_PIONIER_H_prior-UD_wave-1.4-1.7999999999999998_regul-compactness_mu-1.0_gamma-1.0_fov-35_pixSc-0.6.fits,2.206128025878,False,4768,5000,0.4798401754417,UD,compactness,1.0,1.0,,1.4,1.7999999999999998
/home/rtc/Documents/rtpav/image_reco/PIONIER_H/MIRA_prior-UD_wave-1.4-1.7999999999999998um-reg-compactness_fov35_pixSc0.6/imageReco_PIONIER_H_prior-UD_wave-1.4-1.7999999999999998_regul-compactness_mu-1.0_gamma-17.5_fov-35_pixSc-0.6.fits,2.206217731455,True,4778,4999,0.06320177989923,UD,compactness,1.0,17.5,,1.4,1.7999999999999998
/home/rtc/Documents/rtpav/image_reco/PIONIER_H/MIRA_prior-UD_wave-1.4-1.7999999999999998um-reg-compactness_fov35_pixSc0.6/imageReco_PIONIER_H_prior-UD_wave-1.4-1.7999999999999998_regul-compactness_mu-1.0_gamma-34.0_fov-35_pixSc-0.6.fits,2.206028151733,False,4793,5000,0.06271117101474,UD,compactness,1.0,34.0,,1.4,1.7999999999999998
/home/rtc/Documents/rtpav/image_reco/PIONIER_H/MIRA_prior-UD_wave-1.4-1.7999999999999998um-reg-compactness_fov35_pixSc0.6/imageReco_PIONIER_H_prior-UD_wave-1.4-1.7999999999999998_regul-compactness_mu-1.0_gamma-50.5_fov-35_pixSc-0.6.fits,2.206118518956,False,4795,5000,0.06216115330848,UD,compactness,1.0,50.5,,1.4,1.7999999999999998
/home/rtc/Documents/rtpav/image_reco/PIONIER_H/MIRA_prior-UD_wave-1.4-1.7999999999999998um-reg-compactness_fov35_pixSc0.6/imageReco_PIONIER_H_prior-UD_wave-1.4-1.7999999999999998_regul-compactness_mu-1.0_gamma-67.0_fov-35_pixSc-0.6.fits,2.206051319262,False,4775,5000,0.06228722305737,UD,compactness,1.0,67.0,,1.4,1.7999999999999998
/home/rtc/Documents/rtpav/image_reco/PIONIER_H/MIRA_prior-UD_wave-1.4-1.7999999999999998um-reg-compactness_fov35_pixSc0.6/imageReco_PIONIER_H_prior-UD_wave-1.4-1.7999999999999998_regul-compactness_mu-1.0_gamma-83.5_fov-35_pixSc-0.6.fits,2.206126898101,False,4790,5000,0.06200407434839,UD,compactness,1.0,83.5,,1.4,1.7999999999999998
/home/rtc/Documents/rtpav/image_reco/PIONIER_H/MIRA_prior-UD_wave-1.4-1.7999999999999998um-reg-compactness_fov35_pixSc0.6/imageReco_PIONIER_H_prior-UD_wave-1.4-1.7999999999999998_regul-compactness_mu-1.0_gamma-100.0_fov-35_pixSc-0.6.fits,2.205853721992,False,4779,5000,0.06345229783543,UD,compactness,1.0,100.0,,1.4,1.7999999999999998
/home/rtc/Documents/rtpav/image_reco/PIONIER_H/MIRA_prior-UD_wave-1.4-1.7999999999999998um-reg-compactness_fov35_pixSc0.6/imageReco_PIONIER_H_prior-UD_wave-1.4-1.7999999999999998_regul-compactness_mu-4.641588833612778_gamma-1.0_fov-35_pixSc-0.6.fits,2.206158591559,False,4776,5000,0.471936319676,UD,compactness,4.641588833612778,1.0,,1.4,1.7999999999999998
/home/rtc/Documents/rtpav/image_reco/PIONIER_H/MIRA_prior-UD_wave-1.4-1.7999999999999998um-reg-compactness_fov35_pixSc0.6/imageReco_PIONIER_H_prior-UD_wave-1.4-1.7999999999999998_regul-compactness_mu-4.641588833612778_gamma-17.5_fov-35_pixSc-0.6.fits,2.2061842772,False,4780,5000,0.06271514039099,UD,compactness,4.641588833612778,17.5,,1.4,1.7999999999999998
/home/rtc/Documents/rtpav/image_reco/PIONIER_H/MIRA_prior-UD_wave-1.4-1.7999999999999998um-reg-compactness_fov35_pixSc0.6/imageReco_PIONIER_H_prior-UD_wave-1.4-1.7999999999999998_regul-compactness_mu-4.641588833612778_gamma-34.0_fov-35_pixSc-0.6.fits,2.206129981904,False,4793,5000,0.06243360277468,UD,compactness,4.641588833612778,34.0,,1.4,1.7999999999999998
/home/rtc/Documents/rtpav/image_reco/PIONIER_H/MIRA_prior-UD_wave-1.4-1.7999999999999998um-reg-compactness_fov35_pixSc0.6/imageReco_PIONIER_H_prior-UD_wave-1.4-1.7999999999999998_regul-compactness_mu-4.641588833612778_gamma-50.5_fov-35_pixSc-0.6.fits,2.206271204562,False,4805,5000,0.061977211667,UD,compactness,4.641588833612778,50.5,,1.4,1.7999999999999998
/home/rtc/Documents/rtpav/image_reco/PIONIER_H/MIRA_prior-UD_wave-1.4-1.7999999999999998um-reg-compactness_fov35_pixSc0.6/imageReco_PIONIER_H_prior-UD_wave-1.4-1.7999999999999998_regul-compactness_mu-4.641588833612778_gamma-67.0_fov-35_pixSc-0.6.fits,2.206096008718,False,4758,5000,0.06270510181437,UD,compactness,4.641588833612778,67.0,,1.4,1.7999999999999998
/home/rtc/Documents/rtpav/image_reco/PIONIER_H/MIRA_prior-UD_wave-1.4-1.7999999999999998um-reg-compactness_fov35_pixSc0.6/imageReco_PIONIER_H_prior-UD_wave-1.4-1.7999999999999998_regul-compactness_mu-4.641588833612778_gamma-83.5_fov-35_pixSc-0.6.fits,2.206103796033,False,4786,5000,0.06300080839268,UD,compactness,4.641588833612778,83.5,,1.4,1.7999999999999998
/home/rtc/Documents/rtpav/image_reco/PIONIER_H/MIRA_prior-UD_wave-1.4-1.7999999999999998um-reg-compactness_fov35_pixSc0.6/imageReco_PIONIER_H_prior-UD_wave-1.4-1.7999999999999998_regul-compactness_mu-4.641588833612778_gamma-100.0_fov-35_pixSc-0.6.fits,2.206041924752,False,4773,5000,0.06245475941696,UD,compactness,4.641588833612778,100.0,,1.4,1.7999999999999998
/home/rtc/Documents/rtpav/image_reco/PIONIER_H/MIRA_prior-UD_wave-1.4-1.7999999999999998um-reg-compactness_fov35_pixSc0.6/imageReco_PIONIER_H_prior-UD_wave-1.4-1.7999999999999998_regul-compactness_mu-21.544346900318832_gamma-1.0_fov-35_pixSc-0.6.fits,2.207212663879,True,1711,2069,0.4781076872861,UD,compactness,21.544346900318832,1.0,,1.4,1.7999999999999998
/home/rtc/Documents/rtpav/image_reco/PIONIER_H/MIRA_prior-UD_wave-1.4-1.7999999999999998um-reg-compactness_fov35_pixSc0.6/imageReco_PIONIER_H_prior-UD_wave-1.4-1.7999999999999998_regul-compactness_mu-21.544346900318832_gamma-17.5_fov-35_pixSc-0.6.fits,2.206175658855,False,4772,5000,0.06341724604438,UD,compactness,21.544346900318832,17.5,,1.4,1.7999999999999998
/home/rtc/Documents/rtpav/image_reco/PIONIER_H/MIRA_prior-UD_wave-1.4-1.7999999999999998um-reg-compactness_fov35_pixSc0.6/imageReco_PIONIER_H_prior-UD_wave-1.4-1.7999999999999998_regul-compactness_mu-21.544346900318832_gamma-34.0_fov-35_pixSc-0.6.fits,2.206204091193,False,4780,5000,0.06228105518934,UD,compactness,21.544346900318832,34.0,,1.4,1.7999999999999998
/home/rtc/Documents/rtpav/image_reco/PIONIER_H/MIRA_prior-UD_wave-1.4-1.7999999999999998um-reg-compactness_fov35_pixSc0.6/imageReco_PIONIER_H_prior-UD_wave-1.4-1.7999999999999998_regul-compactness_mu-21.544346900318832_gamma-50.5_fov-35_pixSc-0.6.fits,2.206127773559,False,4765,5000,0.06251657969059,UD,compactness,21.544346900318832,50.5,,1.4,1.7999999999999998
/home/rtc/Documents/rtpav/image_reco/PIONIER_H/MIRA_prior-UD_wave-1.4-1.7999999999999998um-reg-compactness_fov35_pixSc0.6/imageReco_PIONIER_H_prior-UD_wave-1.4-1.7999999999999998_regul-compactness_mu-21.544346900318832_gamma-67.0_fov-35_pixSc-0.6.fits,2.206197870614,False,4713,5000,0.06115711366766,UD,compactness,21.544346900318832,67.0,,1.4,1.7999999999999998
/home/rtc/Documents/rtpav/image_reco/PIONIER_H/MIRA_prior-UD_wave-1.4-1.7999999999999998um-reg-compactness_fov35_pixSc0.6/imageReco_PIONIER_H_prior-UD_wave-1.4-1.7999999999999998_regul-compactness_mu-21.544346900318832_gamma-83.5_fov-35_pixSc-0.6.fits,2.206063674134,False,4794,5000,0.06217978587945,UD,compactness,21.544346900318832,83.5,,1.4,1.7999999999999998
/home/rtc/Documents/rtpav/image_reco/PIONIER_H/MIRA_prior-UD_wave-1.4-1.7999999999999998um-reg-compactness_fov35_pixSc0.6/imageReco_PIONIER_H_prior-UD_wave-1.4-1.7999999999999998_regul-compactness_mu-21.544346900318832_gamma-100.0_fov-35_pixSc-0.6.fits,2.206328127498,False,4779,5000,0.06146555926599,UD,compactness,21.544346900318832,100.0,,1.4,1.7999999999999998
/home/rtc/Documents/rtpav/image_reco/PIONIER_H/MIRA_prior-UD_wave-1.4-1.7999999999999998um-reg-compactness_fov35_pixSc0.6/imageReco_PIONIER_H_prior-UD_wave-1.4-1.7999999999999998_regul-compactness_mu-100.0_gamma-1.0_fov-35_pixSc-0.6.fits,2.207415816572,False,4796,5000,0.4354681704523,UD,compactness,100.0,1.0,,1.4,1.7999999999999998
/home/rtc/Documents/rtpav/image_reco/PIONIER_H/MIRA_prior-UD_wave-1.4-1.7999999999999998um-reg-compactness_fov35_pixSc0.6/imageReco_PIONIER_H_prior-UD_wave-1.4-1.7999999999999998_regul-compactness_mu-100.0_gamma-17.5_fov-35_pixSc-0.6.fits,2.206275564212,False,4774,5000,0.06175397312824,UD,compactness,100.0,17.5,,1.4,1.7999999999999998
/home/rtc/Documents/rtpav/image_reco/PIONIER_H/MIRA_prior-UD_wave-1.4-1.7999999999999998um-reg-compactness_fov35_pixSc0.6/imageReco_PIONIER_H_prior-UD_wave-1.4-1.7999999999999998_regul-compactness_mu-100.0_gamma-34.0_fov-35_pixSc-0.6.fits,2.206211194358,False,4781,5000,0.06093565835189,UD,compactness,100.0,34.0,,1.4,1.7999999999999998
/home/rtc/Documents/rtpav/image_reco/PIONIER_H/MIRA_prior-UD_wave-1.4-1.7999999999999998um-reg-compactness_fov35_pixSc0.6/imageReco_PIONIER_H_prior-UD_wave-1.4-1.7999999999999998_regul-compactness_mu-100.0_gamma-50.5_fov-35_pixSc-0.6.fits,2.206377990236,False,4806,5000,0.06032371626947,UD,compactness,100.0,50.5,,1.4,1.7999999999999998
/home/rtc/Documents/rtpav/image_reco/PIONIER_H/MIRA_prior-UD_wave-1.4-1.7999999999999998um-reg-compactness_fov35_pixSc0.6/imageReco_PIONIER_H_prior-UD_wave-1.4-1.7999999999999998_regul-compactness_mu-100.0_gamma-67.0_fov-35_pixSc-0.6.fits,2.206148952969,False,4770,5000,0.06089729833505,UD,compactness,100.0,67.0,,1.4,1.7999999999999998
/home/rtc/Documents/rtpav/image_reco/PIONIER_H/MIRA_prior-UD_wave-1.4-1.7999999999999998um-reg-compactness_fov35_pixSc0.6/imageReco_PIONIER_H_prior-UD_wave-1.4-1.7999999999999998_regul-compactness_mu-100.0_gamma-83.5_fov-35_pixSc-0.6.fits,2.206086713044,False,4748,5000,0.06131957590978,UD,compactness,100.0,83.5,,1.4,1.7999999999999998
/home/rtc/Documents/rtpav/image_reco/PIONIER_H/MIRA_prior-UD_wave-1.4-1.7999999999999998um-reg-compactness_fov35_pixSc0.6/imageReco_PIONIER_H_prior-UD_wave-1.4-1.7999999999999998_regul-compactness_mu-100.0_gamma-100.0_fov-35_pixSc-0.6.fits,2.20630355905,False,4768,5000,0.06045360169986,UD,compactness,100.0,100.0,,1.4,1.7999999999999998
/home/rtc/Documents/rtpav/image_reco/PIONIER_H/MIRA_prior-UD_wave-1.4-1.7999999999999998um-reg-compactness_fov35_pixSc0.6/imageReco_PIONIER_H_prior-UD_wave-1.4-1.7999999999999998_regul-compactness_mu-464.15888336127773_gamma-1.0_fov-35_pixSc-0.6.fits,2.227199328754,False,4779,5000,0.3300895564898,UD,compactness,464.15888336127773,1.0,,1.4,1.7999999999999998
/home/rtc/Documents/rtpav/image_reco/PIONIER_H/MIRA_prior-UD_wave-1.4-1.7999999999999998um-reg-compactness_fov35_pixSc0.6/imageReco_PIONIER_H_prior-UD_wave-1.4-1.7999999999999998_regul-compactness_mu-464.15888336127773_gamma-17.5_fov-35_pixSc-0.6.fits,2.206575876289,False,4797,5000,0.0602221583937,UD,compactness,464.15888336127773,17.5,,1.4,1.7999999999999998
/home/rtc/Documents/rtpav/image_reco/PIONIER_H/MIRA_prior-UD_wave-1.4-1.7999999999999998um-reg-compactness_fov35_pixSc0.6/imageReco_PIONIER_H_prior-UD_wave-1.4-1.7999999999999998_regul-compactness_mu-464.15888336127773_gamma-34.0_fov-35_pixSc-0.6.fits,2.206581155347,False,4794,5000,0.05926614211541,UD,compactness,464.15888336127773,34.0,,1.4,1.7999999999999998
/home/rtc/Documents/rtpav/image_reco/PIONIER_H/MIRA_prior-UD_wave-1.4-1.7999999999999998um-reg-compactness_fov35_pixSc0.6/imageReco_PIONIER_H_prior-UD_wave-1.4-1.7999999999999998_regul-compactness_mu-464.15888336127773_gamma-50.5_fov-35_pixSc-0.6.fits,2.206643202325,False,4802,5000,0.05893864072236,UD,compactness,464.15888336127773,50.5,,1.4,1.7999999999999998
/home/rtc/Documents/rtpav/image_reco/PIONIER_H/MIRA_prior-UD_wave-1.4-1.7999999999999998um-reg-compactness_fov35_pixSc0.6/imageReco_PIONIER_H_prior-UD_wave-1.4-1.7999999999999998_regul-compactness_mu-464.15888336127773_gamma-67.0_fov-35_pixSc-0.6.fits,2.206691294186,False,4778,5000,0.05877230260977,UD,compactness,464.15888336127773,67.0,,1.4,1.7999999999999998
/home/rtc/Documents/rtpav/image_reco/PIONIER_H/MIRA_prior-UD_wave-1.4-1.7999999999999998um-reg-compactness_fov35_pixSc0.6/imageReco_PIONIER_H_prior-UD_wave-1.4-1.7999999999999998_regul-compactness_mu-464.15888336127773_gamma-83.5_fov-35_pixSc-0.6.fits,2.206585539624,False,4738,5000,0.05898072233672,UD,compactness,464.15888336127773,83.5,,1.4,1.7999999999999998
/home/rtc/Documents/rtpav/image_reco/PIONIER_H/MIRA_prior-UD_wave-1.4-1.7999999999999998um-reg-compactness_fov35_pixSc0.6/imageReco_PIONIER_H_prior-UD_wave-1.4-1.7999999999999998_regul-compactness_mu-464.15888336127773_gamma-100.0_fov-35_pixSc-0.6.fits,2.206898566025,False,4787,5000,0.05841642005648,UD,compactness,464.15888336127773,100.0,,1.4,1.7999999999999998
/home/rtc/Documents/rtpav/image_reco/PIONIER_H/MIRA_prior-UD_wave-1.4-1.7999999999999998um-reg-compactness_fov35_pixSc0.6/imageReco_PIONIER_H_prior-UD_wave-1.4-1.7999999999999998_regul-compactness_mu-2154.4346900318824_gamma-1.0_fov-35_pixSc-0.6.fits,2.286549818324,False,4800,5000,0.2105634892239,UD,compactness,2154.4346900318824,1.0,,1.4,1.7999999999999998
/home/rtc/Documents/rtpav/image_reco/PIONIER_H/MIRA_prior-UD_wave-1.4-1.7999999999999998um-reg-compactness_fov35_pixSc0.6/imageReco_PIONIER_H_prior-UD_wave-1.4-1.7999999999999998_regul-compactness_mu-2154.4346900318824_gamma-17.5_fov-35_pixSc-0.6.fits,2.215892677617,False,4752,5000,0.04957805256564,UD,compactness,2154.4346900318824,17.5,,1.4,1.7999999999999998
/home/rtc/Documents/rtpav/image_reco/PIONIER_H/MIRA_prior-UD_wave-1.4-1.7999999999999998um-reg-compactness_fov35_pixSc0.6/imageReco_PIONIER_H_prior-UD_wave-1.4-1.7999999999999998_regul-compactness_mu-2154.4346900318824_gamma-34.0_fov-35_pixSc-0.6.fits,2.217073640194,False,4801,5000,0.04833389866855,UD,compactness,2154.4346900318824,34.0,,1.4,1.7999999999999998
/home/rtc/Documents/rtpav/image_reco/PIONIER_H/MIRA_prior-UD_wave-1.4-1.7999999999999998um-reg-compactness_fov35_pixSc0.6/imageReco_PIONIER_H_prior-UD_wave-1.4-1.7999999999999998_regul-compactness_mu-2154.4346900318824_gamma-50.5_fov-35_pixSc-0.6.fits,2.217684155212,False,4765,5000,0.0479281564573,UD,compactness,2154.4346900318824,50.5,,1.4,1.7999999999999998
/home/rtc/Documents/rtpav/image_reco/PIONIER_H/MIRA_prior-UD_wave-1.4-1.7999999999999998um-reg-compactness_fov35_pixSc0.6/imageReco_PIONIER_H_prior-UD_wave-1.4-1.7999999999999998_regul-compactness_mu-2154.4346900318824_gamma-67.0_fov-35_pixSc-0.6.fits,2.217252695176,False,4788,5000,0.04806255985096,UD,compactness,2154.4346900318824,67.0,,1.4,1.7999999999999998
/home/rtc/Documents/rtpav/image_reco/PIONIER_H/MIRA_prior-UD_wave-1.4-1.7999999999999998um-reg-compactness_fov35_pixSc0.6/imageReco_PIONIER_H_prior-UD_wave-1.4-1.7999999999999998_regul-compactness_mu-2154.4346900318824_gamma-83.5_fov-35_pixSc-0.6.fits,2.217502313938,False,4761,5000,0.04796238139302,UD,compactness,2154.4346900318824,83.5,,1.4,1.7999999999999998
/home/rtc/Documents/rtpav/image_reco/PIONIER_H/MIRA_prior-UD_wave-1.4-1.7999999999999998um-reg-compactness_fov35_pixSc0.6/imageReco_PIONIER_H_prior-UD_wave-1.4-1.7999999999999998_regul-compactness_mu-2154.4346900318824_gamma-100.0_fov-35_pixSc-0.6.fits,2.217486163484,False,4743,5000,0.04794939179004,UD,compactness,2154.4346900318824,100.0,,1.4,1.7999999999999998
/home/rtc/Documents/rtpav/image_reco/PIONIER_H/MIRA_prior-UD_wave-1.4-1.7999999999999998um-reg-compactness_fov35_pixSc0.6/imageReco_PIONIER_H_prior-UD_wave-1.4-1.7999999999999998_regul-compactness_mu-10000.0_gamma-1.0_fov-35_pixSc-0.6.fits,2.411629028449,True,3781,3995,0.1707954132903,UD,compactness,10000.0,1.0,,1.4,1.7999999999999998
/home/rtc/Documents/rtpav/image_reco/PIONIER_H/MIRA_prior-UD_wave-1.4-1.7999999999999998um-reg-compactness_fov35_pixSc0.6/imageReco_PIONIER_H_prior-UD_wave-1.4-1.7999999999999998_regul-compactness_mu-10000.0_gamma-17.5_fov-35_pixSc-0.6.fits,2.264987113896,False,4754,5000,0.03615215577318,UD,compactness,10000.0,17.5,,1.4,1.7999999999999998
/home/rtc/Documents/rtpav/image_reco/PIONIER_H/MIRA_prior-UD_wave-1.4-1.7999999999999998um-reg-compactness_fov35_pixSc0.6/imageReco_PIONIER_H_prior-UD_wave-1.4-1.7999999999999998_regul-compactness_mu-10000.0_gamma-34.0_fov-35_pixSc-0.6.fits,2.263357403078,True,4311,4533,0.03553320586775,UD,compactness,10000.0,34.0,,1.4,1.7999999999999998
/home/rtc/Documents/rtpav/image_reco/PIONIER_H/MIRA_prior-UD_wave-1.4-1.7999999999999998um-reg-compactness_fov35_pixSc0.6/imageReco_PIONIER_H_prior-UD_wave-1.4-1.7999999999999998_regul-compactness_mu-10000.0_gamma-50.5_fov-35_pixSc-0.6.fits,2.263121095806,True,4082,4309,0.03540028343719,UD,compactness,10000.0,50.5,,1.4,1.7999999999999998
/home/rtc/Documents/rtpav/image_reco/PIONIER_H/MIRA_prior-UD_wave-1.4-1.7999999999999998um-reg-compactness_fov35_pixSc0.6/imageReco_PIONIER_H_prior-UD_wave-1.4-1.7999999999999998_regul-compactness_mu-10000.0_gamma-67.0_fov-35_pixSc-0.6.fits,2.263058248427,True,3980,4159,0.03535002826153,UD,compactness,10000.0,67.0,,1.4,1.7999999999999998
/home/rtc/Documents/rtpav/image_reco/PIONIER_H/MIRA_prior-UD_wave-1.4-1.7999999999999998um-reg-compactness_fov35_pixSc0.6/imageReco_PIONIER_H_prior-UD_wave-1.4-1.7999999999999998_regul-compactness_mu-10000.0_gamma-83.5_fov-35_pixSc-0.6.fits,2.263028292629,True,3804,4024,0.03532653702997,UD,compactness,10000.0,83.5,,1.4,1.7999999999999998
/home/rtc/Documents/rtpav/image_reco/PIONIER_H/MIRA_prior-UD_wave-1.4-1.7999999999999998um-reg-compactness_fov35_pixSc0.6/imageReco_PIONIER_H_prior-UD_wave-1.4-1.7999999999999998_regul-compactness_mu-10000.0_gamma-100.0_fov-35_pixSc-0.6.fits,2.263012212684,True,4025,4246,0.03531363951844,UD,compactness,10000.0,100.0,,1.4,1.7999999999999998
/home/rtc/Documents/rtpav/image_reco/PIONIER_H/MIRA_prior-UD_wave-1.4-1.7999999999999998um-reg-compactness_fov35_pixSc0.6/imageReco_PIONIER_H_prior-UD_wave-1.4-1.7999999999999998_regul-compactness_mu-46415.888336127726_gamma-1.0_fov-35_pixSc-0.6.fits,2.641666633974,True,2129,2242,0.1587741349546,UD,compactness,46415.888336127726,1.0,,1.4,1.7999999999999998
/home/rtc/Documents/rtpav/image_reco/PIONIER_H/MIRA_prior-UD_wave-1.4-1.7999999999999998um-reg-compactness_fov35_pixSc0.6/imageReco_PIONIER_H_prior-UD_wave-1.4-1.7999999999999998_regul-compactness_mu-46415.888336127726_gamma-17.5_fov-35_pixSc-0.6.fits,2.335506114428,True,1836,1942,0.03124897718402,UD,compactness,46415.888336127726,17.5,,1.4,1.7999999999999998
/home/rtc/Documents/rtpav/image_reco/PIONIER_H/MIRA_prior-UD_wave-1.4-1.7999999999999998um-reg-compactness_fov35_pixSc0.6/imageReco_PIONIER_H_prior-UD_wave-1.4-1.7999999999999998_regul-compactness_mu-46415.888336127726_gamma-34.0_fov-35_pixSc-0.6.fits,2.334915899146,True,1886,1980,0.03071552744061,UD,compactness,46415.888336127726,34.0,,1.4,1.7999999999999998
/home/rtc/Documents/rtpav/image_reco/PIONIER_H/MIRA_prior-UD_wave-1.4-1.7999999999999998um-reg-compactness_fov35_pixSc0.6/imageReco_PIONIER_H_prior-UD_wave-1.4-1.7999999999999998_regul-compactness_mu-46415.888336127726_gamma-50.5_fov-35_pixSc-0.6.fits,2.334798282142,True,1649,1718,0.03061011187762,UD,compactness,46415.888336127726,50.5,,1.4,1.7999999999999998
/home/rtc/Documents/rtpav/image_reco/PIONIER_H/MIRA_prior-UD_wave-1.4-1.7999999999999998um-reg-compactness_fov35_pixSc0.6/imageReco_PIONIER_H_prior-UD_wave-1.4-1.7999999999999998_regul-compactness_mu-46415.888336127726_gamma-67.0_fov-35_pixSc-0.6.fits,2.334755656099,True,1919,2014,0.03057234912042,UD,compactness,46415.888336127726,67.0,,1.4,1.7999999999999998
/home/rtc/Documents/rtpav/image_reco/PIONIER_H/MIRA_prior-UD_wave-1.4-1.7999999999999998um-reg-compactness_fov35_pixSc0.6/imageReco_PIONIER_H_prior-UD_wave-1.4-1.7999999999999998_regul-compactness_mu-46415.888336127726_gamma-83.5_fov-35_pixSc-0.6.fits,2.334735840897,True,1931,2025,0.03055464820334,UD,compactness,46415.888336127726,83.5,,1.4,1.7999999999999998
/home/rtc/Documents/rtpav/image_reco/PIONIER_H/MIRA_prior-UD_wave-1.4-1.7999999999999998um-reg-compactness_fov35_pixSc0.6/imageReco_PIONIER_H_prior-UD_wave-1.4-1.7999999999999998_regul-compactness_mu-46415.888336127726_gamma-100.0_fov-35_pixSc-0.6.fits,2.334724888508,True,1895,1971,0.03054496133917,UD,compactness,46415.888336127726,100.0,,1.4,1.7999999999999998
/home/rtc/Documents/rtpav/image_reco/PIONIER_H/MIRA_prior-UD_wave-1.4-1.7999999999999998um-reg-compactness_fov35_pixSc0.6/imageReco_PIONIER_H_prior-UD_wave-1.4-1.7999999999999998_regul-compactness_mu-215443.46900318822_gamma-1.0_fov-35_pixSc-0.6.fits,3.560671289433,True,1370,1445,0.1489396135452,UD,compactness,215443.46900318822,1.0,,1.4,1.7999999999999998
/home/rtc/Documents/rtpav/image_reco/PIONIER_H/MIRA_prior-UD_wave-1.4-1.7999999999999998um-reg-compactness_fov35_pixSc0.6/imageReco_PIONIER_H_prior-UD_wave-1.4-1.7999999999999998_regul-compactness_mu-215443.46900318822_gamma-17.5_fov-35_pixSc-0.6.fits,2.451866707605,True,2258,2370,0.02977289902832,UD,compactness,215443.46900318822,17.5,,1.4,1.7999999999999998
/home/rtc/Documents/rtpav/image_reco/PIONIER_H/MIRA_prior-UD_wave-1.4-1.7999999999999998um-reg-compactness_fov35_pixSc0.6/imageReco_PIONIER_H_prior-UD_wave-1.4-1.7999999999999998_regul-compactness_mu-215443.46900318822_gamma-34.0_fov-35_pixSc-0.6.fits,2.4494532024,True,1948,2043,0.0294807726804,UD,compactness,215443.46900318822,34.0,,1.4,1.7999999999999998
/home/rtc/Documents/rtpav/image_reco/PIONIER_H/MIRA_prior-UD_wave-1.4-1.7999999999999998um-reg-compactness_fov35_pixSc0.6/imageReco_PIONIER_H_prior-UD_wave-1.4-1.7999999999999998_regul-compactness_mu-215443.46900318822_gamma-50.5_fov-35_pixSc-0.6.fits,2.445244648136,True,2109,2209,0.02940324994568,UD,compactness,215443.46900318822,50.5,,1.4,1.7999999999999998
/home/rtc/Documents/rtpav/image_reco/PIONIER_H/MIRA_prior-UD_wave-1.4-1.7999999999999998um-reg-compactness_fov35_pixSc0.6/imageReco_PIONIER_H_prior-UD_wave-1.4-1.7999999999999998_regul-compactness_mu-215443.46900318822_gamma-67.0_fov-35_pixSc-0.6.fits,2.443993719971,True,1415,1512,0.02937372727523,UD,compactness,215443.46900318822,67.0,,1.4,1.7999999999999998
/home/rtc/Documents/rtpav/image_reco/PIONIER_H/MIRA_prior-UD_wave-1.4-1.7999999999999998um-reg-compactness_fov35_pixSc0.6/imageReco_PIONIER_H_prior-UD_wave-1.4-1.7999999999999998_regul-compactness_mu-215443.46900318822_gamma-83.5_fov-35_pixSc-0.6.fits,2.443419354857,True,1727,1825,0.02935978085842,UD,compactness,215443.46900318822,83.5,,1.4,1.7999999999999998
/home/rtc/Documents/rtpav/image_reco/PIONIER_H/MIRA_prior-UD_wave-1.4-1.7999999999999998um-reg-compactness_fov35_pixSc0.6/imageReco_PIONIER_H_prior-UD_wave-1.4-1.7999999999999998_regul-compactness_mu-215443.46900318822_gamma-100.0_fov-35_pixSc-0.6.fits,2.44310091773,True,1868,1955,0.02935215648856,UD,compactness,215443.46900318822,100.0,,1.4,1.7999999999999998
/home/rtc/Documents/rtpav/image_reco/PIONIER_H/MIRA_prior-UD_wave-1.4-1.7999999999999998um-reg-compactness_fov35_pixSc0.6/imageReco_PIONIER_H_prior-UD_wave-1.4-1.7999999999999998_regul-compactness_mu-1000000.0_gamma-1.0_fov-35_pixSc-0.6.fits,11.65015461313,True,1428,1549,0.1319725782938,UD,compactness,1000000.0,1.0,,1.4,1.7999999999999998
/home/rtc/Documents/rtpav/image_reco/PIONIER_H/MIRA_prior-UD_wave-1.4-1.7999999999999998um-reg-compactness_fov35_pixSc0.6/imageReco_PIONIER_H_prior-UD_wave-1.4-1.7999999999999998_regul-compactness_mu-1000000.0_gamma-17.5_fov-35_pixSc-0.6.fits,2.84230585073,True,2220,2319,0.02885298552354,UD,compactness,1000000.0,17.5,,1.4,1.7999999999999998
/home/rtc/Documents/rtpav/image_reco/PIONIER_H/MIRA_prior-UD_wave-1.4-1.7999999999999998um-reg-compactness_fov35_pixSc0.6/imageReco_PIONIER_H_prior-UD_wave-1.4-1.7999999999999998_regul-compactness_mu-1000000.0_gamma-34.0_fov-35_pixSc-0.6.fits,2.831803630914,True,1166,1241,0.02861800961225,UD,compactness,1000000.0,34.0,,1.4,1.7999999999999998
/home/rtc/Documents/rtpav/image_reco/PIONIER_H/MIRA_prior-UD_wave-1.4-1.7999999999999998um-reg-compactness_fov35_pixSc0.6/imageReco_PIONIER_H_prior-UD_wave-1.4-1.7999999999999998_regul-compactness_mu-1000000.0_gamma-50.5_fov-35_pixSc-0.6.fits,2.832222808014,True,1205,1258,0.02851247125424,UD,compactness,1000000.0,50.5,,1.4,1.7999999999999998
/home/rtc/Documents/rtpav/image_reco/PIONIER_H/MIRA_prior-UD_wave-1.4-1.7999999999999998um-reg-compactness_fov35_pixSc0.6/imageReco_PIONIER_H_prior-UD_wave-1.4-1.7999999999999998_regul-compactness_mu-1000000.0_gamma-67.0_fov-35_pixSc-0.6.fits,2.832365999731,True,1390,1474,0.02847434746013,UD,compactness,1000000.0,67.0,,1.4,1.7999999999999998
/home/rtc/Documents/rtpav/image_reco/PIONIER_H/MIRA_prior-UD_wave-1.4-1.7999999999999998um-reg-compactness_fov35_pixSc0.6/imageReco_PIONIER_H_prior-UD_wave-1.4-1.7999999999999998_regul-compactness_mu-1000000.0_gamma-83.5_fov-35_pixSc-0.6.fits,2.83240639617,True,1347,1407,0.02845643812314,UD,compactness,1000000.0,83.5,,1.4,1.7999999999999998
/home/rtc/Documents/rtpav/image_reco/PIONIER_H/MIRA_prior-UD_wave-1.4-1.7999999999999998um-reg-compactness_fov35_pixSc0.6/imageReco_PIONIER_H_prior-UD_wave-1.4-1.7999999999999998_regul-compactness_mu-1000000.0_gamma-100.0_fov-35_pixSc-0.6.fits,2.832402114244,True,1220,1277,0.02844664236686,UD,compactness,1000000.0,100.0,,1.4,1.7999999999999998
/home/rtc/Documents/rtpav/image_reco/PIONIER_H/MIRA_prior-UD_wave-1.4-1.7999999999999998um-reg-hyperbolic_fov35_pixSc0.6/imageReco_PIONIER_H_prior-UD_wave-1.4-1.7999999999999998_regul-hyperbolic_mu-0.0_tau-1e-06_fov-35_pixSc-0.6.fits,2.206056027185,False,4761,5000,0.0,UD,hyperbolic,0.0,,1e-06,1.4,1.7999999999999998
/home/rtc/Documents/rtpav/image_reco/PIONIER_H/MIRA_prior-UD_wave-1.4-1.7999999999999998um-reg-hyperbolic_fov35_pixSc0.6/imageReco_PIONIER_H_prior-UD_wave-1.4-1.7999999999999998_regul-hyperbolic_mu-0.0_tau-1e-05_fov-35_pixSc-0.6.fits,2.206056027185,False,4761,5000,0.0,UD,hyperbolic,0.0,,1e-05,1.4,1.7999999999999998
/home/rtc/Documents/rtpav/image_reco/PIONIER_H/MIRA_prior-UD_wave-1.4-1.7999999999999998um-reg-hyperbolic_fov35_pixSc0.6/imageReco_PIONIER_H_prior-UD_wave-1.4-1.7999999999999998_regul-hyperbolic_mu-0.0_tau-0.0001_fov-35_pixSc-0.6.fits,2.206056027185,False,4761,5000,0.0,UD,hyperbolic,0.0,,0.0001,1.4,1.7999999999999998
/home/rtc/Documents/rtpav/image_reco/PIONIER_H/MIRA_prior-UD_wave-1.4-1.7999999999999998um-reg-hyperbolic_fov35_pixSc0.6/imageReco_PIONIER_H_prior-UD_wave-1.4-1.7999999999999998_regul-hyperbolic_mu-0.0_tau-0.001_fov-35_pixSc-0.6.fits,2.206056027185,False,4761,5000,0.0,UD,hyperbolic,0.0,,0.001,1.4,1.7999999999999998
/home/rtc/Documents/rtpav/image_reco/PIONIER_H/MIRA_prior-UD_wave-1.4-1.7999999999999998um-reg-hyperbolic_fov35_pixSc0.6/imageReco_PIONIER_H_prior-UD_wave-1.4-1.7999999999999998_regul-hyperbolic_mu-0.0_tau-0.01_fov-35_pixSc-0.6.fits,2.206056027185,False,4761,5000,0.0,UD,hyperbolic,0.0,,0.01,1.4,1.7999999999999998
/home/rtc/Documents/rtpav/image_reco/PIONIER_H/MIRA_prior-UD_wave-1.4-1.7999999999999998um-reg-hyperbolic_fov35_pixSc0.6/imageReco_PIONIER_H_prior-UD_wave-1.4-1.7999999999999998_regul-hyperbolic_mu-0.0_tau-0.1_fov-35_pixSc-0.6.fits,2.206056027185,False,4761,5000,0.0,UD,hyperbolic,0.0,,0.1,1.4,1.7999999999999998
/home/rtc/Documents/rtpav/image_reco/PIONIER_H/MIRA_prior-UD_wave-1.4-1.7999999999999998um-reg-hyperbolic_fov35_pixSc0.6/imageReco_PIONIER_H_prior-UD_wave-1.4-1.7999999999999998_regul-hyperbolic_mu-0.0_tau-1.0_fov-35_pixSc-0.6.fits,2.206056027185,False,4761,5000,0.0,UD,hyperbolic,0.0,,1.0,1.4,1.7999999999999998
/home/rtc/Documents/rtpav/image_reco/PIONIER_H/MIRA_prior-UD_wave-1.4-1.7999999999999998um-reg-hyperbolic_fov35_pixSc0.6/imageReco_PIONIER_H_prior-UD_wave-1.4-1.7999999999999998_regul-hyperbolic_mu-1.0_tau-1e-06_fov-35_pixSc-0.6.fits,2.206124861456,False,4574,5000,2.454535717362,UD,hyperbolic,1.0,,1e-06,1.4,1.7999999999999998
/home/rtc/Documents/rtpav/image_reco/PIONIER_H/MIRA_prior-UD_wave-1.4-1.7999999999999998um-reg-hyperbolic_fov35_pixSc0.6/imageReco_PIONIER_H_prior-UD_wave-1.4-1.7999999999999998_regul-hyperbolic_mu-1.0_tau-1e-05_fov-35_pixSc-0.6.fits,2.206242425676,False,4740,5000,2.457257040463,UD,hyperbolic,1.0,,1e-05,1.4,1.7999999999999998
/home/rtc/Documents/rtpav/image_reco/PIONIER_H/MIRA_prior-UD_wave-1.4-1.7999999999999998um-reg-hyperbolic_fov35_pixSc0.6/imageReco_PIONIER_H_prior-UD_wave-1.4-1.7999999999999998_regul-hyperbolic_mu-1.0_tau-0.0001_fov-35_pixSc-0.6.fits,2.206125083201,False,4767,5000,2.440841826228,UD,hyperbolic,1.0,,0.0001,1.4,1.7999999999999998
/home/rtc/Documents/rtpav/image_reco/PIONIER_H/MIRA_prior-UD_wave-1.4-1.7999999999999998um-reg-hyperbolic_fov35_pixSc0.6/imageReco_PIONIER_H_prior-UD_wave-1.4-1.7999999999999998_regul-hyperbolic_mu-1.0_tau-0.001_fov-35_pixSc-0.6.fits,2.206140363033,False,4786,5000,2.361841289983,UD,hyperbolic,1.0,,0.001,1.4,1.7999999999999998
/home/rtc/Documents/rtpav/image_reco/PIONIER_H/MIRA_prior-UD_wave-1.4-1.7999999999999998um-reg-hyperbolic_fov35_pixSc0.6/imageReco_PIONIER_H_prior-UD_wave-1.4-1.7999999999999998_regul-hyperbolic_mu-1.0_tau-0.01_fov-35_pixSc-0.6.fits,2.205872718419,False,4777,5000,2.026197148137,UD,hyperbolic,1.0,,0.01,1.4,1.7999999999999998
/home/rtc/Documents/rtpav/image_reco/PIONIER_H/MIRA_prior-UD_wave-1.4-1.7999999999999998um-reg-hyperbolic_fov35_pixSc0.6/imageReco_PIONIER_H_prior-UD_wave-1.4-1.7999999999999998_regul-hyperbolic_mu-1.0_tau-0.1_fov-35_pixSc-0.6.fits,2.206156831526,False,4806,5000,0.7288713144765,UD,hyperbolic,1.0,,0.1,1.4,1.7999999999999998
/home/rtc/Documents/rtpav/image_reco/PIONIER_H/MIRA_prior-UD_wave-1.4-1.7999999999999998um-reg-hyperbolic_fov35_pixSc0.6/imageReco_PIONIER_H_prior-UD_wave-1.4-1.7999999999999998_regul-hyperbolic_mu-1.0_tau-1.0_fov-35_pixSc-0.6.fits,2.206021819188,False,4818,5000,0.08521454732045,UD,hyperbolic,1.0,,1.0,1.4,1.7999999999999998
/home/rtc/Documents/rtpav/image_reco/PIONIER_H/MIRA_prior-UD_wave-1.4-1.7999999999999998um-reg-hyperbolic_fov35_pixSc0.6/imageReco_PIONIER_H_prior-UD_wave-1.4-1.7999999999999998_regul-hyperbolic_mu-4.641588833612778_tau-1e-06_fov-35_pixSc-0.6.fits,2.206062095596,False,4793,5000,2.426444814442,UD,hyperbolic,4.641588833612778,,1e-06,1.4,1.7999999999999998
/home/rtc/Documents/rtpav/image_reco/PIONIER_H/MIRA_prior-UD_wave-1.4-1.7999999999999998um-reg-hyperbolic_fov35_pixSc0.6/imageReco_PIONIER_H_prior-UD_wave-1.4-1.7999999999999998_regul-hyperbolic_mu-4.641588833612778_tau-1e-05_fov-35_pixSc-0.6.fits,2.205831012768,False,4788,5000,2.445068066961,UD,hyperbolic,4.641588833612778,,1e-05,1.4,1.7999999999999998
/home/rtc/Documents/rtpav/image_reco/PIONIER_H/MIRA_prior-UD_wave-1.4-1.7999999999999998um-reg-hyperbolic_fov35_pixSc0.6/imageReco_PIONIER_H_prior-UD_wave-1.4-1.7999999999999998_regul-hyperbolic_mu-4.641588833612778_tau-0.0001_fov-35_pixSc-0.6.fits,2.206013394972,False,4793,5000,2.411093061582,UD,hyperbolic,4.641588833612778,,0.0001,1.4,1.7999999999999998
/home/rtc/Documents/rtpav/image_reco/PIONIER_H/MIRA_prior-UD_wave-1.4-1.7999999999999998um-reg-hyperbolic_fov35_pixSc0.6/imageReco_PIONIER_H_prior-UD_wave-1.4-1.7999999999999998_regul-hyperbolic_mu-4.641588833612778_tau-0.001_fov-35_pixSc-0.6.fits,2.206074568423,False,4761,5000,2.335749791445,UD,hyperbolic,4.641588833612778,,0.001,1.4,1.7999999999999998
/home/rtc/Documents/rtpav/image_reco/PIONIER_H/MIRA_prior-UD_wave-1.4-1.7999999999999998um-reg-hyperbolic_fov35_pixSc0.6/imageReco_PIONIER_H_prior-UD_wave-1.4-1.7999999999999998_regul-hyperbolic_mu-4.641588833612778_tau-0.01_fov-35_pixSc-0.6.fits,2.205814608754,False,4796,5000,2.013772167161,UD,hyperbolic,4.641588833612778,,0.01,1.4,1.7999999999999998
/home/rtc/Documents/rtpav/image_reco/PIONIER_H/MIRA_prior-UD_wave-1.4-1.7999999999999998um-reg-hyperbolic_fov35_pixSc0.6/imageReco_PIONIER_H_prior-UD_wave-1.4-1.7999999999999998_regul-hyperbolic_mu-4.641588833612778_tau-0.1_fov-35_pixSc-0.6.fits,2.206177417539,False,4806,5000,0.7213511667815,UD,hyperbolic,4.641588833612778,,0.1,1.4,1.7999999999999998
/home/rtc/Documents/rtpav/image_reco/PIONIER_H/MIRA_prior-UD_wave-1.4-1.7999999999999998um-reg-hyperbolic_fov35_pixSc0.6/imageReco_PIONIER_H_prior-UD_wave-1.4-1.7999999999999998_regul-hyperbolic_mu-4.641588833612778_tau-1.0_fov-35_pixSc-0.6.fits,2.206054344092,False,4757,5000,0.08499878302071,UD,hyperbolic,4.641588833612778,,1.0,1.4,1.7999999999999998
/home/rtc/Documents/rtpav/image_reco/PIONIER_H/MIRA_prior-UD_wave-1.4-1.7999999999999998um-reg-hyperbolic_fov35_pixSc0.6/imageReco_PIONIER_H_prior-UD_wave-1.4-1.7999999999999998_regul-hyperbolic_mu-21.544346900318832_tau-1e-06_fov-35_pixSc-0.6.fits,2.208520768289,False,4801,5000,2.262935786104,UD,hyperbolic,21.544346900318832,,1e-06,1.4,1.7999999999999998
/home/rtc/Documents/rtpav/image_reco/PIONIER_H/MIRA_prior-UD_wave-1.4-1.7999999999999998um-reg-hyperbolic_fov35_pixSc0.6/imageReco_PIONIER_H_prior-UD_wave-1.4-1.7999999999999998_regul-hyperbolic_mu-21.544346900318832_tau-1e-05_fov-35_pixSc-0.6.fits,2.207948746038,False,4822,5000,2.290161943553,UD,hyperbolic,21.544346900318832,,1e-05,1.4,1.7999999999999998
/home/rtc/Documents/rtpav/image_reco/PIONIER_H/MIRA_prior-UD_wave-1.4-1.7999999999999998um-reg-hyperbolic_fov35_pixSc0.6/imageReco_PIONIER_H_prior-UD_wave-1.4-1.7999999999999998_regul-hyperbolic_mu-21.544346900318832_tau-0.0001_fov-35_pixSc-0.6.fits,2.207904369941,False,4830,5000,2.273774016046,UD,hyperbolic,21.544346900318832,,0.0001,1.4,1.7999999999999998
/home/rtc/Documents/rtpav/image_reco/PIONIER_H/MIRA_prior-UD_wave-1.4-1.7999999999999998um-reg-hyperbolic_fov35_pixSc0.6/imageReco_PIONIER_H_prior-UD_wave-1.4-1.7999999999999998_regul-hyperbolic_mu-21.544346900318832_tau-0.001_fov-35_pixSc-0.6.fits,2.208016981401,False,4803,5000,2.19651924478,UD,hyperbolic,21.544346900318832,,0.001,1.4,1.7999999999999998
/home/rtc/Documents/rtpav/image_reco/PIONIER_H/MIRA_prior-UD_wave-1.4-1.7999999999999998um-reg-hyperbolic_fov35_pixSc0.6/imageReco_PIONIER_H_prior-UD_wave-1.4-1.7999999999999998_regul-hyperbolic_mu-21.544346900318832_tau-0.01_fov-35_pixSc-0.6.fits,2.208074171478,True,4820,4999,1.846051278466,UD,hyperbolic,21.544346900318832,,0.01,1.4,1.7999999999999998
/home/rtc/Documents/rtpav/image_reco/PIONIER_H/MIRA_prior-UD_wave-1.4-1.7999999999999998um-reg-hyperbolic_fov35_pixSc0.6/imageReco_PIONIER_H_prior-UD_wave-1.4-1.7999999999999998_regul-hyperbolic_mu-21.544346900318832_tau-0.1_fov-35_pixSc-0.6.fits,2.206277537969,True,4801,4999,0.7008286772419,UD,hyperbolic,21.544346900318832,,0.1,1.4,1.7999999999999998
/home/rtc/Documents/rtpav/image_reco/PIONIER_H/MIRA_prior-UD_wave-1.4-1.7999999999999998um-reg-hyperbolic_fov35_pixSc0.6/imageReco_PIONIER_H_prior-UD_wave-1.4-1.7999999999999998_regul-hyperbolic_mu-21.544346900318832_tau-1.0_fov-35_pixSc-0.6.fits,2.206312876185,False,4770,5000,0.08130841971916,UD,hyperbolic,21.544346900318832,,1.0,1.4,1.7999999999999998
/home/rtc/Documents/rtpav/image_reco/PIONIER_H/MIRA_prior-UD_wave-1.4-1.7999999999999998um-reg-hyperbolic_fov35_pixSc0.6/imageReco_PIONIER_H_prior-UD_wave-1.4-1.7999999999999998_regul-hyperbolic_mu-100.0_tau-1e-06_fov-35_pixSc-0.6.fits,2.245820811973,False,4789,5000,1.475259862872,UD,hyperbolic,100.0,,1e-06,1.4,1.7999999999999998
/home/rtc/Documents/rtpav/image_reco/PIONIER_H/MIRA_prior-UD_wave-1.4-1.7999999999999998um-reg-hyperbolic_fov35_pixSc0.6/imageReco_PIONIER_H_prior-UD_wave-1.4-1.7999999999999998_regul-hyperbolic_mu-100.0_tau-1e-05_fov-35_pixSc-0.6.fits,2.245782016903,False,4818,5000,1.473033569046,UD,hyperbolic,100.0,,1e-05,1.4,1.7999999999999998
/home/rtc/Documents/rtpav/image_reco/PIONIER_H/MIRA_prior-UD_wave-1.4-1.7999999999999998um-reg-hyperbolic_fov35_pixSc0.6/imageReco_PIONIER_H_prior-UD_wave-1.4-1.7999999999999998_regul-hyperbolic_mu-100.0_tau-0.0001_fov-35_pixSc-0.6.fits,2.245619488076,False,4795,5000,1.456733103354,UD,hyperbolic,100.0,,0.0001,1.4,1.7999999999999998
/home/rtc/Documents/rtpav/image_reco/PIONIER_H/MIRA_prior-UD_wave-1.4-1.7999999999999998um-reg-hyperbolic_fov35_pixSc0.6/imageReco_PIONIER_H_prior-UD_wave-1.4-1.7999999999999998_regul-hyperbolic_mu-100.0_tau-0.001_fov-35_pixSc-0.6.fits,2.24559051877,False,4798,5000,1.386632254824,UD,hyperbolic,100.0,,0.001,1.4,1.7999999999999998
/home/rtc/Documents/rtpav/image_reco/PIONIER_H/MIRA_prior-UD_wave-1.4-1.7999999999999998um-reg-hyperbolic_fov35_pixSc0.6/imageReco_PIONIER_H_prior-UD_wave-1.4-1.7999999999999998_regul-hyperbolic_mu-100.0_tau-0.01_fov-35_pixSc-0.6.fits,2.243974879408,False,4798,5000,1.066938536093,UD,hyperbolic,100.0,,0.01,1.4,1.7999999999999998
/home/rtc/Documents/rtpav/image_reco/PIONIER_H/MIRA_prior-UD_wave-1.4-1.7999999999999998um-reg-hyperbolic_fov35_pixSc0.6/imageReco_PIONIER_H_prior-UD_wave-1.4-1.7999999999999998_regul-hyperbolic_mu-100.0_tau-0.1_fov-35_pixSc-0.6.fits,2.212720372586,False,4769,5000,0.4906832857637,UD,hyperbolic,100.0,,0.1,1.4,1.7999999999999998
/home/rtc/Documents/rtpav/image_reco/PIONIER_H/MIRA_prior-UD_wave-1.4-1.7999999999999998um-reg-hyperbolic_fov35_pixSc0.6/imageReco_PIONIER_H_prior-UD_wave-1.4-1.7999999999999998_regul-hyperbolic_mu-100.0_tau-1.0_fov-35_pixSc-0.6.fits,2.206188934137,False,4775,5000,0.08038483812765,UD,hyperbolic,100.0,,1.0,1.4,1.7999999999999998
/home/rtc/Documents/rtpav/image_reco/PIONIER_H/MIRA_prior-UD_wave-1.4-1.7999999999999998um-reg-hyperbolic_fov35_pixSc0.6/imageReco_PIONIER_H_prior-UD_wave-1.4-1.7999999999999998_regul-hyperbolic_mu-464.15888336127773_tau-1e-06_fov-35_pixSc-0.6.fits,2.337998237715,True,3014,3237,0.8386723813162,UD,hyperbolic,464.15888336127773,,1e-06,1.4,1.7999999999999998
/home/rtc/Documents/rtpav/image_reco/PIONIER_H/MIRA_prior-UD_wave-1.4-1.7999999999999998um-reg-hyperbolic_fov35_pixSc0.6/imageReco_PIONIER_H_prior-UD_wave-1.4-1.7999999999999998_regul-hyperbolic_mu-464.15888336127773_tau-1e-05_fov-35_pixSc-0.6.fits,2.33808019274,True,2818,3012,0.8357642110862,UD,hyperbolic,464.15888336127773,,1e-05,1.4,1.7999999999999998
/home/rtc/Documents/rtpav/image_reco/PIONIER_H/MIRA_prior-UD_wave-1.4-1.7999999999999998um-reg-hyperbolic_fov35_pixSc0.6/imageReco_PIONIER_H_prior-UD_wave-1.4-1.7999999999999998_regul-hyperbolic_mu-464.15888336127773_tau-0.0001_fov-35_pixSc-0.6.fits,2.33813874631,True,2609,2705,0.8180702411914,UD,hyperbolic,464.15888336127773,,0.0001,1.4,1.7999999999999998
/home/rtc/Documents/rtpav/image_reco/PIONIER_H/MIRA_prior-UD_wave-1.4-1.7999999999999998um-reg-hyperbolic_fov35_pixSc0.6/imageReco_PIONIER_H_prior-UD_wave-1.4-1.7999999999999998_regul-hyperbolic_mu-464.15888336127773_tau-0.001_fov-35_pixSc-0.6.fits,2.337329151888,True,2327,2414,0.7543641354415,UD,hyperbolic,464.15888336127773,,0.001,1.4,1.7999999999999998
/home/rtc/Documents/rtpav/image_reco/PIONIER_H/MIRA_prior-UD_wave-1.4-1.7999999999999998um-reg-hyperbolic_fov35_pixSc0.6/imageReco_PIONIER_H_prior-UD_wave-1.4-1.7999999999999998_regul-hyperbolic_mu-464.15888336127773_tau-0.01_fov-35_pixSc-0.6.fits,2.330984879687,True,2168,2275,0.4943550664265,UD,hyperbolic,464.15888336127773,,0.01,1.4,1.7999999999999998
/home/rtc/Documents/rtpav/image_reco/PIONIER_H/MIRA_prior-UD_wave-1.4-1.7999999999999998um-reg-hyperbolic_fov35_pixSc0.6/imageReco_PIONIER_H_prior-UD_wave-1.4-1.7999999999999998_regul-hyperbolic_mu-464.15888336127773_tau-0.1_fov-35_pixSc-0.6.fits,2.265021606623,True,3903,4211,0.1815549254466,UD,hyperbolic,464.15888336127773,,0.1,1.4,1.7999999999999998
/home/rtc/Documents/rtpav/image_reco/PIONIER_H/MIRA_prior-UD_wave-1.4-1.7999999999999998um-reg-hyperbolic_fov35_pixSc0.6/imageReco_PIONIER_H_prior-UD_wave-1.4-1.7999999999999998_regul-hyperbolic_mu-464.15888336127773_tau-1.0_fov-35_pixSc-0.6.fits,2.208752022049,False,4827,5000,0.06195523280996,UD,hyperbolic,464.15888336127773,,1.0,1.4,1.7999999999999998
/home/rtc/Documents/rtpav/image_reco/PIONIER_H/MIRA_prior-UD_wave-1.4-1.7999999999999998um-reg-hyperbolic_fov35_pixSc0.6/imageReco_PIONIER_H_prior-UD_wave-1.4-1.7999999999999998_regul-hyperbolic_mu-2154.4346900318824_tau-1e-06_fov-35_pixSc-0.6.fits,2.40319752188,True,2226,2324,0.7702029939102,UD,hyperbolic,2154.4346900318824,,1e-06,1.4,1.7999999999999998
/home/rtc/Documents/rtpav/image_reco/PIONIER_H/MIRA_prior-UD_wave-1.4-1.7999999999999998um-reg-hyperbolic_fov35_pixSc0.6/imageReco_PIONIER_H_prior-UD_wave-1.4-1.7999999999999998_regul-hyperbolic_mu-2154.4346900318824_tau-1e-05_fov-35_pixSc-0.6.fits,2.403814883071,True,2190,2285,0.7666220280982,UD,hyperbolic,2154.4346900318824,,1e-05,1.4,1.7999999999999998
/home/rtc/Documents/rtpav/image_reco/PIONIER_H/MIRA_prior-UD_wave-1.4-1.7999999999999998um-reg-hyperbolic_fov35_pixSc0.6/imageReco_PIONIER_H_prior-UD_wave-1.4-1.7999999999999998_regul-hyperbolic_mu-2154.4346900318824_tau-0.0001_fov-35_pixSc-0.6.fits,2.402983002566,True,2569,2687,0.7490106634479,UD,hyperbolic,2154.4346900318824,,0.0001,1.4,1.7999999999999998
/home/rtc/Documents/rtpav/image_reco/PIONIER_H/MIRA_prior-UD_wave-1.4-1.7999999999999998um-reg-hyperbolic_fov35_pixSc0.6/imageReco_PIONIER_H_prior-UD_wave-1.4-1.7999999999999998_regul-hyperbolic_mu-2154.4346900318824_tau-0.001_fov-35_pixSc-0.6.fits,2.395854705088,True,1827,1929,0.686778195982,UD,hyperbolic,2154.4346900318824,,0.001,1.4,1.7999999999999998
/home/rtc/Documents/rtpav/image_reco/PIONIER_H/MIRA_prior-UD_wave-1.4-1.7999999999999998um-reg-hyperbolic_fov35_pixSc0.6/imageReco_PIONIER_H_prior-UD_wave-1.4-1.7999999999999998_regul-hyperbolic_mu-2154.4346900318824_tau-0.01_fov-35_pixSc-0.6.fits,2.403391811814,True,1268,1359,0.4108868521147,UD,hyperbolic,2154.4346900318824,,0.01,1.4,1.7999999999999998
/home/rtc/Documents/rtpav/image_reco/PIONIER_H/MIRA_prior-UD_wave-1.4-1.7999999999999998um-reg-hyperbolic_fov35_pixSc0.6/imageReco_PIONIER_H_prior-UD_wave-1.4-1.7999999999999998_regul-hyperbolic_mu-2154.4346900318824_tau-0.1_fov-35_pixSc-0.6.fits,2.328922826484,True,1753,2080,0.08791392899598,UD,hyperbolic,2154.4346900318824,,0.1,1.4,1.7999999999999998
/home/rtc/Documents/rtpav/image_reco/PIONIER_H/MIRA_prior-UD_wave-1.4-1.7999999999999998um-reg-hyperbolic_fov35_pixSc0.6/imageReco_PIONIER_H_prior-UD_wave-1.4-1.7999999999999998_regul-hyperbolic_mu-2154.4346900318824_tau-1.0_fov-35_pixSc-0.6.fits,2.239162638917,True,3800,4031,0.02883737551189,UD,hyperbolic,2154.4346900318824,,1.0,1.4,1.7999999999999998
/home/rtc/Documents/rtpav/image_reco/PIONIER_H/MIRA_prior-UD_wave-1.4-1.7999999999999998um-reg-hyperbolic_fov35_pixSc0.6/imageReco_PIONIER_H_prior-UD_wave-1.4-1.7999999999999998_regul-hyperbolic_mu-10000.0_tau-1e-06_fov-35_pixSc-0.6.fits,2.536388749355,True,2917,2986,0.7331462461104,UD,hyperbolic,10000.0,,1e-06,1.4,1.7999999999999998
/home/rtc/Documents/rtpav/image_reco/PIONIER_H/MIRA_prior-UD_wave-1.4-1.7999999999999998um-reg-hyperbolic_fov35_pixSc0.6/imageReco_PIONIER_H_prior-UD_wave-1.4-1.7999999999999998_regul-hyperbolic_mu-10000.0_tau-1e-05_fov-35_pixSc-0.6.fits,2.539369362512,True,2596,2695,0.7288500224535,UD,hyperbolic,10000.0,,1e-05,1.4,1.7999999999999998
/home/rtc/Documents/rtpav/image_reco/PIONIER_H/MIRA_prior-UD_wave-1.4-1.7999999999999998um-reg-hyperbolic_fov35_pixSc0.6/imageReco_PIONIER_H_prior-UD_wave-1.4-1.7999999999999998_regul-hyperbolic_mu-10000.0_tau-0.0001_fov-35_pixSc-0.6.fits,2.525912151226,True,1948,2057,0.7145986449625,UD,hyperbolic,10000.0,,0.0001,1.4,1.7999999999999998
/home/rtc/Documents/rtpav/image_reco/PIONIER_H/MIRA_prior-UD_wave-1.4-1.7999999999999998um-reg-hyperbolic_fov35_pixSc0.6/imageReco_PIONIER_H_prior-UD_wave-1.4-1.7999999999999998_regul-hyperbolic_mu-10000.0_tau-0.001_fov-35_pixSc-0.6.fits,2.501684673434,True,1944,2042,0.6584101235031,UD,hyperbolic,10000.0,,0.001,1.4,1.7999999999999998
/home/rtc/Documents/rtpav/image_reco/PIONIER_H/MIRA_prior-UD_wave-1.4-1.7999999999999998um-reg-hyperbolic_fov35_pixSc0.6/imageReco_PIONIER_H_prior-UD_wave-1.4-1.7999999999999998_regul-hyperbolic_mu-10000.0_tau-0.01_fov-35_pixSc-0.6.fits,2.520487152362,True,1405,1595,0.3790956147775,UD,hyperbolic,10000.0,,0.01,1.4,1.7999999999999998
/home/rtc/Documents/rtpav/image_reco/PIONIER_H/MIRA_prior-UD_wave-1.4-1.7999999999999998um-reg-hyperbolic_fov35_pixSc0.6/imageReco_PIONIER_H_prior-UD_wave-1.4-1.7999999999999998_regul-hyperbolic_mu-10000.0_tau-0.1_fov-35_pixSc-0.6.fits,2.425738852708,True,1219,1322,0.06386740304502,UD,hyperbolic,10000.0,,0.1,1.4,1.7999999999999998
/home/rtc/Documents/rtpav/image_reco/PIONIER_H/MIRA_prior-UD_wave-1.4-1.7999999999999998um-reg-hyperbolic_fov35_pixSc0.6/imageReco_PIONIER_H_prior-UD_wave-1.4-1.7999999999999998_regul-hyperbolic_mu-10000.0_tau-1.0_fov-35_pixSc-0.6.fits,2.304423928997,False,4082,5000,0.01117667686865,UD,hyperbolic,10000.0,,1.0,1.4,1.7999999999999998
/home/rtc/Documents/rtpav/image_reco/PIONIER_H/MIRA_prior-UD_wave-1.4-1.7999999999999998um-reg-hyperbolic_fov35_pixSc0.6/imageReco_PIONIER_H_prior-UD_wave-1.4-1.7999999999999998_regul-hyperbolic_mu-46415.888336127726_tau-1e-06_fov-35_pixSc-0.6.fits,2.860572927957,False,4901,5000,0.7165870827158,UD,hyperbolic,46415.888336127726,,1e-06,1.4,1.7999999999999998
/home/rtc/Documents/rtpav/image_reco/PIONIER_H/MIRA_prior-UD_wave-1.4-1.7999999999999998um-reg-hyperbolic_fov35_pixSc0.6/imageReco_PIONIER_H_prior-UD_wave-1.4-1.7999999999999998_regul-hyperbolic_mu-46415.888336127726_tau-1e-05_fov-35_pixSc-0.6.fits,2.845632143669,True,2392,2495,0.7129915624311,UD,hyperbolic,46415.888336127726,,1e-05,1.4,1.7999999999999998
/home/rtc/Documents/rtpav/image_reco/PIONIER_H/MIRA_prior-UD_wave-1.4-1.7999999999999998um-reg-hyperbolic_fov35_pixSc0.6/imageReco_PIONIER_H_prior-UD_wave-1.4-1.7999999999999998_regul-hyperbolic_mu-46415.888336127726_tau-0.0001_fov-35_pixSc-0.6.fits,2.780852071887,True,1818,1911,0.7014853971845,UD,hyperbolic,46415.888336127726,,0.0001,1.4,1.7999999999999998
/home/rtc/Documents/rtpav/image_reco/PIONIER_H/MIRA_prior-UD_wave-1.4-1.7999999999999998um-reg-hyperbolic_fov35_pixSc0.6/imageReco_PIONIER_H_prior-UD_wave-1.4-1.7999999999999998_regul-hyperbolic_mu-46415.888336127726_tau-0.001_fov-35_pixSc-0.6.fits,2.780656774509,True,917,990,0.6441860084155,UD,hyperbolic,46415.888336127726,,0.001,1.4,1.7999999999999998
/home/rtc/Documents/rtpav/image_reco/PIONIER_H/MIRA_prior-UD_wave-1.4-1.7999999999999998um-reg-hyperbolic_fov35_pixSc0.6/imageReco_PIONIER_H_prior-UD_wave-1.4-1.7999999999999998_regul-hyperbolic_mu-46415.888336127726_tau-0.01_fov-35_pixSc-0.6.fits,2.882300788039,True,595,701,0.3604328473919,UD,hyperbolic,46415.888336127726,,0.01,1.4,1.7999999999999998
/home/rtc/Documents/rtpav/image_reco/PIONIER_H/MIRA_prior-UD_wave-1.4-1.7999999999999998um-reg-hyperbolic_fov35_pixSc0.6/imageReco_PIONIER_H_prior-UD_wave-1.4-1.7999999999999998_regul-hyperbolic_mu-46415.888336127726_tau-0.1_fov-35_pixSc-0.6.fits,2.545270188525,True,496,659,0.05594250010772,UD,hyperbolic,46415.888336127726,,0.1,1.4,1.7999999999999998
/home/rtc/Documents/rtpav/image_reco/PIONIER_H/MIRA_prior-UD_wave-1.4-1.7999999999999998um-reg-hyperbolic_fov35_pixSc0.6/imageReco_PIONIER_H_prior-UD_wave-1.4-1.7999999999999998_regul-hyperbolic_mu-46415.888336127726_tau-1.0_fov-35_pixSc-0.6.fits,2.367097138323,True,1066,1331,0.007503437962147,UD,hyperbolic,46415.888336127726,,1.0,1.4,1.7999999999999998
/home/rtc/Documents/rtpav/image_reco/PIONIER_H/MIRA_prior-UD_wave-1.4-1.7999999999999998um-reg-hyperbolic_fov35_pixSc0.6/imageReco_PIONIER_H_prior-UD_wave-1.4-1.7999999999999998_regul-hyperbolic_mu-215443.46900318822_tau-1e-06_fov-35_pixSc-0.6.fits,4.593727214606,False,4896,5000,0.699231083423,UD,hyperbolic,215443.46900318822,,1e-06,1.4,1.7999999999999998
/home/rtc/Documents/rtpav/image_reco/PIONIER_H/MIRA_prior-UD_wave-1.4-1.7999999999999998um-reg-hyperbolic_fov35_pixSc0.6/imageReco_PIONIER_H_prior-UD_wave-1.4-1.7999999999999998_regul-hyperbolic_mu-215443.46900318822_tau-1e-05_fov-35_pixSc-0.6.fits,4.616235814963,True,4413,4546,0.6952911871725,UD,hyperbolic,215443.46900318822,,1e-05,1.4,1.7999999999999998
/home/rtc/Documents/rtpav/image_reco/PIONIER_H/MIRA_prior-UD_wave-1.4-1.7999999999999998um-reg-hyperbolic_fov35_pixSc0.6/imageReco_PIONIER_H_prior-UD_wave-1.4-1.7999999999999998_regul-hyperbolic_mu-215443.46900318822_tau-0.0001_fov-35_pixSc-0.6.fits,4.846728644657,True,1425,1496,0.6816906066551,UD,hyperbolic,215443.46900318822,,0.0001,1.4,1.7999999999999998
/home/rtc/Documents/rtpav/image_reco/PIONIER_H/MIRA_prior-UD_wave-1.4-1.7999999999999998um-reg-hyperbolic_fov35_pixSc0.6/imageReco_PIONIER_H_prior-UD_wave-1.4-1.7999999999999998_regul-hyperbolic_mu-215443.46900318822_tau-0.001_fov-35_pixSc-0.6.fits,5.398204661575,True,482,516,0.6192486232506,UD,hyperbolic,215443.46900318822,,0.001,1.4,1.7999999999999998
/home/rtc/Documents/rtpav/image_reco/PIONIER_H/MIRA_prior-UD_wave-1.4-1.7999999999999998um-reg-hyperbolic_fov35_pixSc0.6/imageReco_PIONIER_H_prior-UD_wave-1.4-1.7999999999999998_regul-hyperbolic_mu-215443.46900318822_tau-0.01_fov-35_pixSc-0.6.fits,5.975774591196,True,215,245,0.328941331263,UD,hyperbolic,215443.46900318822,,0.01,1.4,1.7999999999999998
/home/rtc/Documents/rtpav/image_reco/PIONIER_H/MIRA_prior-UD_wave-1.4-1.7999999999999998um-reg-hyperbolic_fov35_pixSc0.6/imageReco_PIONIER_H_prior-UD_wave-1.4-1.7999999999999998_regul-hyperbolic_mu-215443.46900318822_tau-0.1_fov-35_pixSc-0.6.fits,2.966937289803,True,307,360,0.05129593294373,UD,hyperbolic,215443.46900318822,,0.1,1.4,1.7999999999999998
/home/rtc/Documents/rtpav/image_reco/PIONIER_H/MIRA_prior-UD_wave-1.4-1.7999999999999998um-reg-hyperbolic_fov35_pixSc0.6/imageReco_PIONIER_H_prior-UD_wave-1.4-1.7999999999999998_regul-hyperbolic_mu-215443.46900318822_tau-1.0_fov-35_pixSc-0.6.fits,2.472007640573,True,418,494,0.005905317071993,UD,hyperbolic,215443.46900318822,,1.0,1.4,1.7999999999999998
/home/rtc/Documents/rtpav/image_reco/PIONIER_H/MIRA_prior-UD_wave-1.4-1.7999999999999998um-reg-hyperbolic_fov35_pixSc0.6/imageReco_PIONIER_H_prior-UD_wave-1.4-1.7999999999999998_regul-hyperbolic_mu-1000000.0_tau-1e-06_fov-35_pixSc-0.6.fits,37.9143806571,True,88,175,0.6351004520162,UD,hyperbolic,1000000.0,,1e-06,1.4,1.7999999999999998
/home/rtc/Documents/rtpav/image_reco/PIONIER_H/MIRA_prior-UD_wave-1.4-1.7999999999999998um-reg-hyperbolic_fov35_pixSc0.6/imageReco_PIONIER_H_prior-UD_wave-1.4-1.7999999999999998_regul-hyperbolic_mu-1000000.0_tau-1e-05_fov-35_pixSc-0.6.fits,34.89359678272,True,90,429,0.6387133797366,UD,hyperbolic,1000000.0,,1e-05,1.4,1.7999999999999998
/home/rtc/Documents/rtpav/image_reco/PIONIER_H/MIRA_prior-UD_wave-1.4-1.7999999999999998um-reg-hyperbolic_fov35_pixSc0.6/imageReco_PIONIER_H_prior-UD_wave-1.4-1.7999999999999998_regul-hyperbolic_mu-1000000.0_tau-0.0001_fov-35_pixSc-0.6.fits,40.54103388,True,69,226,0.6131507173991,UD,hyperbolic,1000000.0,,0.0001,1.4,1.7999999999999998
/home/rtc/Documents/rtpav/image_reco/PIONIER_H/MIRA_prior-UD_wave-1.4-1.7999999999999998um-reg-hyperbolic_fov35_pixSc0.6/imageReco_PIONIER_H_prior-UD_wave-1.4-1.7999999999999998_regul-hyperbolic_mu-1000000.0_tau-0.001_fov-35_pixSc-0.6.fits,56.29166895227,True,431,480,0.5189009767562,UD,hyperbolic,1000000.0,,0.001,1.4,1.7999999999999998
/home/rtc/Documents/rtpav/image_reco/PIONIER_H/MIRA_prior-UD_wave-1.4-1.7999999999999998um-reg-hyperbolic_fov35_pixSc0.6/imageReco_PIONIER_H_prior-UD_wave-1.4-1.7999999999999998_regul-hyperbolic_mu-1000000.0_tau-0.01_fov-35_pixSc-0.6.fits,46.25109291634,True,379,412,0.2451780551392,UD,hyperbolic,1000000.0,,0.01,1.4,1.7999999999999998
/home/rtc/Documents/rtpav/image_reco/PIONIER_H/MIRA_prior-UD_wave-1.4-1.7999999999999998um-reg-hyperbolic_fov35_pixSc0.6/imageReco_PIONIER_H_prior-UD_wave-1.4-1.7999999999999998_regul-hyperbolic_mu-1000000.0_tau-0.1_fov-35_pixSc-0.6.fits,5.951190579532,True,44,103,0.04488715358895,UD,hyperbolic,1000000.0,,0.1,1.4,1.7999999999999998
/home/rtc/Documents/rtpav/image_reco/PIONIER_H/MIRA_prior-UD_wave-1.4-1.7999999999999998um-reg-hyperbolic_fov35_pixSc0.6/imageReco_PIONIER_H_prior-UD_wave-1.4-1.7999999999999998_regul-hyperbolic_mu-1000000.0_tau-1.0_fov-35_pixSc-0.6.fits,2.688353286337,True,413,826,0.005392536319733,UD,hyperbolic,1000000.0,,1.0,1.4,1.7999999999999998
