file,chi2,convergence,niter,neval,regPen,prior,regul,mu,gamma,tau,wavemin,wavemax,spectral_feature
/home/rtc/Documents/rtpav/image_reco/GRAVITY_K/MIRA_prior-Dirac_continuum-wave-2.1-2.29um-reg-compactness_fov44_pixSc0.7/imageReco_GRAVITY_K_prior-Dirac_wave-2.1-2.29_regul-compactness_mu-0.0_gamma-1.0_fov-44_pixSc-0.7.fits,8.103444105317,True,4612,4995,0.0,Dirac,compactness,0.0,1.0,,2.1,2.29,continuum
/home/rtc/Documents/rtpav/image_reco/GRAVITY_K/MIRA_prior-Dirac_continuum-wave-2.1-2.29um-reg-compactness_fov44_pixSc0.7/imageReco_GRAVITY_K_prior-Dirac_wave-2.1-2.29_regul-compactness_mu-0.0_gamma-50.5_fov-44_pixSc-0.7.fits,8.103444105317,True,4612,4995,0.0,Dirac,compactness,0.0,50.5,,2.1,2.29,continuum
/home/rtc/Documents/rtpav/image_reco/GRAVITY_K/MIRA_prior-Dirac_continuum-wave-2.1-2.29um-reg-compactness_fov44_pixSc0.7/imageReco_GRAVITY_K_prior-Dirac_wave-2.1-2.29_regul-compactness_mu-0.0_gamma-100.0_fov-44_pixSc-0.7.fits,8.103444105317,True,4612,4995,0.0,Dirac,compactness,0.0,100.0,,2.1,2.29,continuum
/home/rtc/Documents/rtpav/image_reco/GRAVITY_K/MIRA_prior-Dirac_continuum-wave-2.1-2.29um-reg-compactness_fov44_pixSc0.7/imageReco_GRAVITY_K_prior-Dirac_wave-2.1-2.29_regul-compactness_mu-1.0_gamma-1.0_fov-44_pixSc-0.7.fits,8.103444105936,True,3481,3793,1.230563340805,Dirac,compactness,1.0,1.0,,2.1,2.29,continuum
/home/rtc/Documents/rtpav/image_reco/GRAVITY_K/MIRA_prior-Dirac_continuum-wave-2.1-2.29um-reg-compactness_fov44_pixSc0.7/imageReco_GRAVITY_K_prior-Dirac_wave-2.1-2.29_regul-compactness_mu-1.0_gamma-50.5_fov-44_pixSc-0.7.fits,8.103444106113,True,4012,4325,0.1132449002121,Dirac,compactness,1.0,50.5,,2.1,2.29,continuum
/home/rtc/Documents/rtpav/image_reco/GRAVITY_K/MIRA_prior-Dirac_continuum-wave-2.1-2.29um-reg-compactness_fov44_pixSc0.7/imageReco_GRAVITY_K_prior-Dirac_wave-2.1-2.29_regul-compactness_mu-1.0_gamma-100.0_fov-44_pixSc-0.7.fits,8.10344410443,True,4106,4473,0.1129328338704,Dirac,compactness,1.0,100.0,,2.1,2.29,continuum
/home/rtc/Documents/rtpav/image_reco/GRAVITY_K/MIRA_prior-Dirac_continuum-wave-2.1-2.29um-reg-compactness_fov44_pixSc0.7/imageReco_GRAVITY_K_prior-Dirac_wave-2.1-2.29_regul-compactness_mu-316.22776601683796_gamma-1.0_fov-44_pixSc-0.7.fits,8.103482090655,True,2958,3216,1.214071397803,Dirac,compactness,316.22776601683796,1.0,,2.1,2.29,continuum
/home/rtc/Documents/rtpav/image_reco/GRAVITY_K/MIRA_prior-Dirac_continuum-wave-2.1-2.29um-reg-compactness_fov44_pixSc0.7/imageReco_GRAVITY_K_prior-Dirac_wave-2.1-2.29_regul-compactness_mu-316.22776601683796_gamma-50.5_fov-44_pixSc-0.7.fits,8.103444489088,True,3430,3708,0.1130839627828,Dirac,compactness,316.22776601683796,50.5,,2.1,2.29,continuum
/home/rtc/Documents/rtpav/image_reco/GRAVITY_K/MIRA_prior-Dirac_continuum-wave-2.1-2.29um-reg-compactness_fov44_pixSc0.7/imageReco_GRAVITY_K_prior-Dirac_wave-2.1-2.29_regul-compactness_mu-316.22776601683796_gamma-100.0_fov-44_pixSc-0.7.fits,8.103444525736,True,4270,4644,0.1127503718991,Dirac,compactness,316.22776601683796,100.0,,2.1,2.29,continuum
/home/rtc/Documents/rtpav/image_reco/GRAVITY_K/MIRA_prior-Dirac_continuum-wave-2.1-2.29um-reg-compactness_fov44_pixSc0.7/imageReco_GRAVITY_K_prior-Dirac_wave-2.1-2.29_regul-compactness_mu-100000.0_gamma-1.0_fov-44_pixSc-0.7.fits,8.255610021272,True,3426,3720,0.4334605232702,Dirac,compactness,100000.0,1.0,,2.1,2.29,continuum
/home/rtc/Documents/rtpav/image_reco/GRAVITY_K/MIRA_prior-Dirac_continuum-wave-2.1-2.29um-reg-compactness_fov44_pixSc0.7/imageReco_GRAVITY_K_prior-Dirac_wave-2.1-2.29_regul-compactness_mu-100000.0_gamma-50.5_fov-44_pixSc-0.7.fits,8.117384594237,True,2358,2619,0.08441655241863,Dirac,compactness,100000.0,50.5,,2.1,2.29,continuum
/home/rtc/Documents/rtpav/image_reco/GRAVITY_K/MIRA_prior-Dirac_continuum-wave-2.1-2.29um-reg-compactness_fov44_pixSc0.7/imageReco_GRAVITY_K_prior-Dirac_wave-2.1-2.29_regul-compactness_mu-100000.0_gamma-100.0_fov-44_pixSc-0.7.fits,8.117373734949,True,2742,3004,0.08418550593832,Dirac,compactness,100000.0,100.0,,2.1,2.29,continuum
/home/rtc/Documents/rtpav/image_reco/GRAVITY_K/MIRA_prior-Dirac_continuum-wave-2.1-2.29um-reg-hyperbolic_fov44_pixSc0.7/imageReco_GRAVITY_K_prior-Dirac_wave-2.1-2.29_regul-hyperbolic_mu-0.0_tau-1e-06_fov-44_pixSc-0.7.fits,8.103444105317,True,4612,4995,0.0,Dirac,hyperbolic,0.0,,1e-06,2.1,2.29,continuum
/home/rtc/Documents/rtpav/image_reco/GRAVITY_K/MIRA_prior-Dirac_continuum-wave-2.1-2.29um-reg-hyperbolic_fov44_pixSc0.7/imageReco_GRAVITY_K_prior-Dirac_wave-2.1-2.29_regul-hyperbolic_mu-0.0_tau-0.0001_fov-44_pixSc-0.7.fits,8.103444105317,True,4612,4995,0.0,Dirac,hyperbolic,0.0,,0.0001,2.1,2.29,continuum
/home/rtc/Documents/rtpav/image_reco/GRAVITY_K/MIRA_prior-Dirac_continuum-wave-2.1-2.29um-reg-hyperbolic_fov44_pixSc0.7/imageReco_GRAVITY_K_prior-Dirac_wave-2.1-2.29_regul-hyperbolic_mu-0.0_tau-0.01_fov-44_pixSc-0.7.fits,8.103444105317,True,4612,4995,0.0,Dirac,hyperbolic,0.0,,0.01,2.1,2.29,continuum
/home/rtc/Documents/rtpav/image_reco/GRAVITY_K/MIRA_prior-Dirac_continuum-wave-2.1-2.29um-reg-hyperbolic_fov44_pixSc0.7/imageReco_GRAVITY_K_prior-Dirac_wave-2.1-2.29_regul-hyperbolic_mu-0.0_tau-1.0_fov-44_pixSc-0.7.fits,8.103444105317,True,4612,4995,0.0,Dirac,hyperbolic,0.0,,1.0,2.1,2.29,continuum
/home/rtc/Documents/rtpav/image_reco/GRAVITY_K/MIRA_prior-Dirac_continuum-wave-2.1-2.29um-reg-hyperbolic_fov44_pixSc0.7/imageReco_GRAVITY_K_prior-Dirac_wave-2.1-2.29_regul-hyperbolic_mu-1.0_tau-1e-06_fov-44_pixSc-0.7.fits,8.103444107646,True,3597,3897,2.860602078866,Dirac,hyperbolic,1.0,,1e-06,2.1,2.29,continuum
/home/rtc/Documents/rtpav/image_reco/GRAVITY_K/MIRA_prior-Dirac_continuum-wave-2.1-2.29um-reg-hyperbolic_fov44_pixSc0.7/imageReco_GRAVITY_K_prior-Dirac_wave-2.1-2.29_regul-hyperbolic_mu-1.0_tau-0.0001_fov-44_pixSc-0.7.fits,8.103444106852,True,4369,4725,2.846033537292,Dirac,hyperbolic,1.0,,0.0001,2.1,2.29,continuum
/home/rtc/Documents/rtpav/image_reco/GRAVITY_K/MIRA_prior-Dirac_continuum-wave-2.1-2.29um-reg-hyperbolic_fov44_pixSc0.7/imageReco_GRAVITY_K_prior-Dirac_wave-2.1-2.29_regul-hyperbolic_mu-1.0_tau-0.01_fov-44_pixSc-0.7.fits,8.103444107522,True,2780,3063,2.490826969126,Dirac,hyperbolic,1.0,,0.01,2.1,2.29,continuum
/home/rtc/Documents/rtpav/image_reco/GRAVITY_K/MIRA_prior-Dirac_continuum-wave-2.1-2.29um-reg-hyperbolic_fov44_pixSc0.7/imageReco_GRAVITY_K_prior-Dirac_wave-2.1-2.29_regul-hyperbolic_mu-1.0_tau-1.0_fov-44_pixSc-0.7.fits,8.103444104635,True,2707,2953,0.1842343160934,Dirac,hyperbolic,1.0,,1.0,2.1,2.29,continuum
/home/rtc/Documents/rtpav/image_reco/GRAVITY_K/MIRA_prior-Dirac_continuum-wave-2.1-2.29um-reg-hyperbolic_fov44_pixSc0.7/imageReco_GRAVITY_K_prior-Dirac_wave-2.1-2.29_regul-hyperbolic_mu-316.22776601683796_tau-1e-06_fov-44_pixSc-0.7.fits,8.103667453893,True,4592,4965,2.763049262549,Dirac,hyperbolic,316.22776601683796,,1e-06,2.1,2.29,continuum
/home/rtc/Documents/rtpav/image_reco/GRAVITY_K/MIRA_prior-Dirac_continuum-wave-2.1-2.29um-reg-hyperbolic_fov44_pixSc0.7/imageReco_GRAVITY_K_prior-Dirac_wave-2.1-2.29_regul-hyperbolic_mu-316.22776601683796_tau-0.0001_fov-44_pixSc-0.7.fits,8.103665791998,True,3995,4366,2.748736396176,Dirac,hyperbolic,316.22776601683796,,0.0001,2.1,2.29,continuum
/home/rtc/Documents/rtpav/image_reco/GRAVITY_K/MIRA_prior-Dirac_continuum-wave-2.1-2.29um-reg-hyperbolic_fov44_pixSc0.7/imageReco_GRAVITY_K_prior-Dirac_wave-2.1-2.29_regul-hyperbolic_mu-316.22776601683796_tau-0.01_fov-44_pixSc-0.7.fits,8.103664497878,False,4599,5000,2.394676920781,Dirac,hyperbolic,316.22776601683796,,0.01,2.1,2.29,continuum
/home/rtc/Documents/rtpav/image_reco/GRAVITY_K/MIRA_prior-Dirac_continuum-wave-2.1-2.29um-reg-hyperbolic_fov44_pixSc0.7/imageReco_GRAVITY_K_prior-Dirac_wave-2.1-2.29_regul-hyperbolic_mu-316.22776601683796_tau-1.0_fov-44_pixSc-0.7.fits,8.103447550909,True,2568,2804,0.1827153835828,Dirac,hyperbolic,316.22776601683796,,1.0,2.1,2.29,continuum
/home/rtc/Documents/rtpav/image_reco/GRAVITY_K/MIRA_prior-Dirac_continuum-wave-2.1-2.29um-reg-hyperbolic_fov44_pixSc0.7/imageReco_GRAVITY_K_prior-Dirac_wave-2.1-2.29_regul-hyperbolic_mu-100000.0_tau-1e-06_fov-44_pixSc-0.7.fits,8.592092882785,True,971,1013,1.015683145291,Dirac,hyperbolic,100000.0,,1e-06,2.1,2.29,continuum
/home/rtc/Documents/rtpav/image_reco/GRAVITY_K/MIRA_prior-Dirac_continuum-wave-2.1-2.29um-reg-hyperbolic_fov44_pixSc0.7/imageReco_GRAVITY_K_prior-Dirac_wave-2.1-2.29_regul-hyperbolic_mu-100000.0_tau-0.0001_fov-44_pixSc-0.7.fits,8.594188263973,True,657,712,0.9979896785164,Dirac,hyperbolic,100000.0,,0.0001,2.1,2.29,continuum
/home/rtc/Documents/rtpav/image_reco/GRAVITY_K/MIRA_prior-Dirac_continuum-wave-2.1-2.29um-reg-hyperbolic_fov44_pixSc0.7/imageReco_GRAVITY_K_prior-Dirac_wave-2.1-2.29_regul-hyperbolic_mu-100000.0_tau-0.01_fov-44_pixSc-0.7.fits,8.572773942085,True,672,762,0.7155949858683,Dirac,hyperbolic,100000.0,,0.01,2.1,2.29,continuum
/home/rtc/Documents/rtpav/image_reco/GRAVITY_K/MIRA_prior-Dirac_continuum-wave-2.1-2.29um-reg-hyperbolic_fov44_pixSc0.7/imageReco_GRAVITY_K_prior-Dirac_wave-2.1-2.29_regul-hyperbolic_mu-100000.0_tau-1.0_fov-44_pixSc-0.7.fits,8.133551468058,True,1799,2112,0.07601424672604,Dirac,hyperbolic,100000.0,,1.0,2.1,2.29,continuum
/home/rtc/Documents/rtpav/image_reco/GRAVITY_K/MIRA_prior-Dirac_HeI-wave-2.038-2.078um-reg-compactness_fov44_pixSc0.7/imageReco_GRAVITY_K_prior-Dirac_wave-2.038-2.078_regul-compactness_mu-0.0_gamma-1.0_fov-44_pixSc-0.7.fits,7.506596323108,True,4608,4999,0.0,Dirac,compactness,0.0,1.0,,2.038,2.078,HeI
/home/rtc/Documents/rtpav/image_reco/GRAVITY_K/MIRA_prior-Dirac_HeI-wave-2.038-2.078um-reg-compactness_fov44_pixSc0.7/imageReco_GRAVITY_K_prior-Dirac_wave-2.038-2.078_regul-compactness_mu-0.0_gamma-50.5_fov-44_pixSc-0.7.fits,7.506596323108,True,4608,4999,0.0,Dirac,compactness,0.0,50.5,,2.038,2.078,HeI
/home/rtc/Documents/rtpav/image_reco/GRAVITY_K/MIRA_prior-Dirac_HeI-wave-2.038-2.078um-reg-compactness_fov44_pixSc0.7/imageReco_GRAVITY_K_prior-Dirac_wave-2.038-2.078_regul-compactness_mu-0.0_gamma-100.0_fov-44_pixSc-0.7.fits,7.506596323108,True,4608,4999,0.0,Dirac,compactness,0.0,100.0,,2.038,2.078,HeI
/home/rtc/Documents/rtpav/image_reco/GRAVITY_K/MIRA_prior-Dirac_HeI-wave-2.038-2.078um-reg-compactness_fov44_pixSc0.7/imageReco_GRAVITY_K_prior-Dirac_wave-2.038-2.078_regul-compactness_mu-1.0_gamma-1.0_fov-44_pixSc-0.7.fits,7.506597103729,False,4606,5000,1.15772121518,Dirac,compactness,1.0,1.0,,2.038,2.078,HeI
/home/rtc/Documents/rtpav/image_reco/GRAVITY_K/MIRA_prior-Dirac_HeI-wave-2.038-2.078um-reg-compactness_fov44_pixSc0.7/imageReco_GRAVITY_K_prior-Dirac_wave-2.038-2.078_regul-compactness_mu-1.0_gamma-50.5_fov-44_pixSc-0.7.fits,7.506597735178,False,4559,5000,0.07620313107387,Dirac,compactness,1.0,50.5,,2.038,2.078,HeI
/home/rtc/Documents/rtpav/image_reco/GRAVITY_K/MIRA_prior-Dirac_HeI-wave-2.038-2.078um-reg-compactness_fov44_pixSc0.7/imageReco_GRAVITY_K_prior-Dirac_wave-2.038-2.078_regul-compactness_mu-1.0_gamma-100.0_fov-44_pixSc-0.7.fits,7.506623327618,False,4594,5000,0.07637706646359,Dirac,compactness,1.0,100.0,,2.038,2.078,HeI
/home/rtc/Documents/rtpav/image_reco/GRAVITY_K/MIRA_prior-Dirac_HeI-wave-2.038-2.078um-reg-compactness_fov44_pixSc0.7/imageReco_GRAVITY_K_prior-Dirac_wave-2.038-2.078_regul-compactness_mu-316.22776601683796_gamma-1.0_fov-44_pixSc-0.7.fits,7.507675429139,False,4567,5000,1.068156255226,Dirac,compactness,316.22776601683796,1.0,,2.038,2.078,HeI
/home/rtc/Documents/rtpav/image_reco/GRAVITY_K/MIRA_prior-Dirac_HeI-wave-2.038-2.078um-reg-compactness_fov44_pixSc0.7/imageReco_GRAVITY_K_prior-Dirac_wave-2.038-2.078_regul-compactness_mu-316.22776601683796_gamma-50.5_fov-44_pixSc-0.7.fits,7.506590394616,True,4592,4999,0.07625189585547,Dirac,compactness,316.22776601683796,50.5,,2.038,2.078,HeI
/home/rtc/Documents/rtpav/image_reco/GRAVITY_K/MIRA_prior-Dirac_HeI-wave-2.038-2.078um-reg-compactness_fov44_pixSc0.7/imageReco_GRAVITY_K_prior-Dirac_wave-2.038-2.078_regul-compactness_mu-316.22776601683796_gamma-100.0_fov-44_pixSc-0.7.fits,7.506585253835,False,4581,5000,0.07582625364473,Dirac,compactness,316.22776601683796,100.0,,2.038,2.078,HeI
/home/rtc/Documents/rtpav/image_reco/GRAVITY_K/MIRA_prior-Dirac_HeI-wave-2.038-2.078um-reg-compactness_fov44_pixSc0.7/imageReco_GRAVITY_K_prior-Dirac_wave-2.038-2.078_regul-compactness_mu-100000.0_gamma-1.0_fov-44_pixSc-0.7.fits,7.827121888606,True,1854,2020,0.2515967742837,Dirac,compactness,100000.0,1.0,,2.038,2.078,HeI
/home/rtc/Documents/rtpav/image_reco/GRAVITY_K/MIRA_prior-Dirac_HeI-wave-2.038-2.078um-reg-compactness_fov44_pixSc0.7/imageReco_GRAVITY_K_prior-Dirac_wave-2.038-2.078_regul-compactness_mu-100000.0_gamma-50.5_fov-44_pixSc-0.7.fits,7.557816348491,True,3340,3611,0.04478156391262,Dirac,compactness,100000.0,50.5,,2.038,2.078,HeI
/home/rtc/Documents/rtpav/image_reco/GRAVITY_K/MIRA_prior-Dirac_HeI-wave-2.038-2.078um-reg-compactness_fov44_pixSc0.7/imageReco_GRAVITY_K_prior-Dirac_wave-2.038-2.078_regul-compactness_mu-100000.0_gamma-100.0_fov-44_pixSc-0.7.fits,7.557781394192,True,3385,3679,0.04462634870088,Dirac,compactness,100000.0,100.0,,2.038,2.078,HeI
/home/rtc/Documents/rtpav/image_reco/GRAVITY_K/MIRA_prior-Dirac_HeI-wave-2.038-2.078um-reg-hyperbolic_fov44_pixSc0.7/imageReco_GRAVITY_K_prior-Dirac_wave-2.038-2.078_regul-hyperbolic_mu-0.0_tau-1e-06_fov-44_pixSc-0.7.fits,7.506596323108,True,4608,4999,0.0,Dirac,hyperbolic,0.0,,1e-06,2.038,2.078,HeI
/home/rtc/Documents/rtpav/image_reco/GRAVITY_K/MIRA_prior-Dirac_HeI-wave-2.038-2.078um-reg-hyperbolic_fov44_pixSc0.7/imageReco_GRAVITY_K_prior-Dirac_wave-2.038-2.078_regul-hyperbolic_mu-0.0_tau-0.0001_fov-44_pixSc-0.7.fits,7.506596323108,True,4608,4999,0.0,Dirac,hyperbolic,0.0,,0.0001,2.038,2.078,HeI
/home/rtc/Documents/rtpav/image_reco/GRAVITY_K/MIRA_prior-Dirac_HeI-wave-2.038-2.078um-reg-hyperbolic_fov44_pixSc0.7/imageReco_GRAVITY_K_prior-Dirac_wave-2.038-2.078_regul-hyperbolic_mu-0.0_tau-0.01_fov-44_pixSc-0.7.fits,7.506596323108,True,4608,4999,0.0,Dirac,hyperbolic,0.0,,0.01,2.038,2.078,HeI
/home/rtc/Documents/rtpav/image_reco/GRAVITY_K/MIRA_prior-Dirac_HeI-wave-2.038-2.078um-reg-hyperbolic_fov44_pixSc0.7/imageReco_GRAVITY_K_prior-Dirac_wave-2.038-2.078_regul-hyperbolic_mu-0.0_tau-1.0_fov-44_pixSc-0.7.fits,7.506596323108,True,4608,4999,0.0,Dirac,hyperbolic,0.0,,1.0,2.038,2.078,HeI
/home/rtc/Documents/rtpav/image_reco/GRAVITY_K/MIRA_prior-Dirac_HeI-wave-2.038-2.078um-reg-hyperbolic_fov44_pixSc0.7/imageReco_GRAVITY_K_prior-Dirac_wave-2.038-2.078_regul-hyperbolic_mu-1.0_tau-1e-06_fov-44_pixSc-0.7.fits,7.506591200994,False,4612,5000,2.31285976578,Dirac,hyperbolic,1.0,,1e-06,2.038,2.078,HeI
/home/rtc/Documents/rtpav/image_reco/GRAVITY_K/MIRA_prior-Dirac_HeI-wave-2.038-2.078um-reg-hyperbolic_fov44_pixSc0.7/imageReco_GRAVITY_K_prior-Dirac_wave-2.038-2.078_regul-hyperbolic_mu-1.0_tau-0.0001_fov-44_pixSc-0.7.fits,7.506593569972,True,4590,4999,2.303161659829,Dirac,hyperbolic,1.0,,0.0001,2.038,2.078,HeI
/home/rtc/Documents/rtpav/image_reco/GRAVITY_K/MIRA_prior-Dirac_HeI-wave-2.038-2.078um-reg-hyperbolic_fov44_pixSc0.7/imageReco_GRAVITY_K_prior-Dirac_wave-2.038-2.078_regul-hyperbolic_mu-1.0_tau-0.01_fov-44_pixSc-0.7.fits,7.506596358863,False,4474,5000,1.912990478058,Dirac,hyperbolic,1.0,,0.01,2.038,2.078,HeI
/home/rtc/Documents/rtpav/image_reco/GRAVITY_K/MIRA_prior-Dirac_HeI-wave-2.038-2.078um-reg-hyperbolic_fov44_pixSc0.7/imageReco_GRAVITY_K_prior-Dirac_wave-2.038-2.078_regul-hyperbolic_mu-1.0_tau-1.0_fov-44_pixSc-0.7.fits,7.506595401727,False,4577,5000,0.09169967647995,Dirac,hyperbolic,1.0,,1.0,2.038,2.078,HeI
/home/rtc/Documents/rtpav/image_reco/GRAVITY_K/MIRA_prior-Dirac_HeI-wave-2.038-2.078um-reg-hyperbolic_fov44_pixSc0.7/imageReco_GRAVITY_K_prior-Dirac_wave-2.038-2.078_regul-hyperbolic_mu-316.22776601683796_tau-1e-06_fov-44_pixSc-0.7.fits,7.510921127257,False,4609,5000,1.990445945595,Dirac,hyperbolic,316.22776601683796,,1e-06,2.038,2.078,HeI
/home/rtc/Documents/rtpav/image_reco/GRAVITY_K/MIRA_prior-Dirac_HeI-wave-2.038-2.078um-reg-hyperbolic_fov44_pixSc0.7/imageReco_GRAVITY_K_prior-Dirac_wave-2.038-2.078_regul-hyperbolic_mu-316.22776601683796_tau-0.0001_fov-44_pixSc-0.7.fits,7.510920061707,False,4623,5000,1.976632511449,Dirac,hyperbolic,316.22776601683796,,0.0001,2.038,2.078,HeI
/home/rtc/Documents/rtpav/image_reco/GRAVITY_K/MIRA_prior-Dirac_HeI-wave-2.038-2.078um-reg-hyperbolic_fov44_pixSc0.7/imageReco_GRAVITY_K_prior-Dirac_wave-2.038-2.078_regul-hyperbolic_mu-316.22776601683796_tau-0.01_fov-44_pixSc-0.7.fits,7.510827007559,False,4613,5000,1.587412627376,Dirac,hyperbolic,316.22776601683796,,0.01,2.038,2.078,HeI
/home/rtc/Documents/rtpav/image_reco/GRAVITY_K/MIRA_prior-Dirac_HeI-wave-2.038-2.078um-reg-hyperbolic_fov44_pixSc0.7/imageReco_GRAVITY_K_prior-Dirac_wave-2.038-2.078_regul-hyperbolic_mu-316.22776601683796_tau-1.0_fov-44_pixSc-0.7.fits,7.506580244308,False,4589,5000,0.09165518051929,Dirac,hyperbolic,316.22776601683796,,1.0,2.038,2.078,HeI
/home/rtc/Documents/rtpav/image_reco/GRAVITY_K/MIRA_prior-Dirac_HeI-wave-2.038-2.078um-reg-hyperbolic_fov44_pixSc0.7/imageReco_GRAVITY_K_prior-Dirac_wave-2.038-2.078_regul-hyperbolic_mu-100000.0_tau-1e-06_fov-44_pixSc-0.7.fits,7.779046066649,False,4926,5000,0.878449999607,Dirac,hyperbolic,100000.0,,1e-06,2.038,2.078,HeI
/home/rtc/Documents/rtpav/image_reco/GRAVITY_K/MIRA_prior-Dirac_HeI-wave-2.038-2.078um-reg-hyperbolic_fov44_pixSc0.7/imageReco_GRAVITY_K_prior-Dirac_wave-2.038-2.078_regul-hyperbolic_mu-100000.0_tau-0.0001_fov-44_pixSc-0.7.fits,7.786556948685,True,16,68,0.8540775533681,Dirac,hyperbolic,100000.0,,0.0001,2.038,2.078,HeI
/home/rtc/Documents/rtpav/image_reco/GRAVITY_K/MIRA_prior-Dirac_HeI-wave-2.038-2.078um-reg-hyperbolic_fov44_pixSc0.7/imageReco_GRAVITY_K_prior-Dirac_wave-2.038-2.078_regul-hyperbolic_mu-100000.0_tau-0.01_fov-44_pixSc-0.7.fits,7.785685293102,True,635,703,0.518486016204,Dirac,hyperbolic,100000.0,,0.01,2.038,2.078,HeI
/home/rtc/Documents/rtpav/image_reco/GRAVITY_K/MIRA_prior-Dirac_HeI-wave-2.038-2.078um-reg-hyperbolic_fov44_pixSc0.7/imageReco_GRAVITY_K_prior-Dirac_wave-2.038-2.078_regul-hyperbolic_mu-100000.0_tau-1.0_fov-44_pixSc-0.7.fits,7.577044586616,True,1848,2111,0.01673321809411,Dirac,hyperbolic,100000.0,,1.0,2.038,2.078,HeI
/home/rtc/Documents/rtpav/image_reco/GRAVITY_K/MIRA_prior-Dirac_MgII-wave-2.13-2.15um-reg-compactness_fov44_pixSc0.7/imageReco_GRAVITY_K_prior-Dirac_wave-2.13-2.15_regul-compactness_mu-0.0_gamma-1.0_fov-44_pixSc-0.7.fits,3.993740750287,False,4633,5000,0.0,Dirac,compactness,0.0,1.0,,2.13,2.15,MgII
/home/rtc/Documents/rtpav/image_reco/GRAVITY_K/MIRA_prior-Dirac_MgII-wave-2.13-2.15um-reg-compactness_fov44_pixSc0.7/imageReco_GRAVITY_K_prior-Dirac_wave-2.13-2.15_regul-compactness_mu-0.0_gamma-50.5_fov-44_pixSc-0.7.fits,3.993740750287,False,4633,5000,0.0,Dirac,compactness,0.0,50.5,,2.13,2.15,MgII
/home/rtc/Documents/rtpav/image_reco/GRAVITY_K/MIRA_prior-Dirac_MgII-wave-2.13-2.15um-reg-compactness_fov44_pixSc0.7/imageReco_GRAVITY_K_prior-Dirac_wave-2.13-2.15_regul-compactness_mu-0.0_gamma-100.0_fov-44_pixSc-0.7.fits,3.993740750287,False,4633,5000,0.0,Dirac,compactness,0.0,100.0,,2.13,2.15,MgII
/home/rtc/Documents/rtpav/image_reco/GRAVITY_K/MIRA_prior-Dirac_MgII-wave-2.13-2.15um-reg-compactness_fov44_pixSc0.7/imageReco_GRAVITY_K_prior-Dirac_wave-2.13-2.15_regul-compactness_mu-1.0_gamma-1.0_fov-44_pixSc-0.7.fits,3.993559881598,False,4615,5000,1.277559330267,Dirac,compactness,1.0,1.0,,2.13,2.15,MgII
/home/rtc/Documents/rtpav/image_reco/GRAVITY_K/MIRA_prior-Dirac_MgII-wave-2.13-2.15um-reg-compactness_fov44_pixSc0.7/imageReco_GRAVITY_K_prior-Dirac_wave-2.13-2.15_regul-compactness_mu-1.0_gamma-50.5_fov-44_pixSc-0.7.fits,3.992756446244,False,4652,5000,0.09118397917707,Dirac,compactness,1.0,50.5,,2.13,2.15,MgII
/home/rtc/Documents/rtpav/image_reco/GRAVITY_K/MIRA_prior-Dirac_MgII-wave-2.13-2.15um-reg-compactness_fov44_pixSc0.7/imageReco_GRAVITY_K_prior-Dirac_wave-2.13-2.15_regul-compactness_mu-1.0_gamma-100.0_fov-44_pixSc-0.7.fits,3.993806652775,False,4603,5000,0.08592388000115,Dirac,compactness,1.0,100.0,,2.13,2.15,MgII
/home/rtc/Documents/rtpav/image_reco/GRAVITY_K/MIRA_prior-Dirac_MgII-wave-2.13-2.15um-reg-compactness_fov44_pixSc0.7/imageReco_GRAVITY_K_prior-Dirac_wave-2.13-2.15_regul-compactness_mu-316.22776601683796_gamma-1.0_fov-44_pixSc-0.7.fits,4.002091074458,False,4642,5000,0.6314940103746,Dirac,compactness,316.22776601683796,1.0,,2.13,2.15,MgII
/home/rtc/Documents/rtpav/image_reco/GRAVITY_K/MIRA_prior-Dirac_MgII-wave-2.13-2.15um-reg-compactness_fov44_pixSc0.7/imageReco_GRAVITY_K_prior-Dirac_wave-2.13-2.15_regul-compactness_mu-316.22776601683796_gamma-50.5_fov-44_pixSc-0.7.fits,3.992477685533,False,4563,5000,0.086037081248,Dirac,compactness,316.22776601683796,50.5,,2.13,2.15,MgII
/home/rtc/Documents/rtpav/image_reco/GRAVITY_K/MIRA_prior-Dirac_MgII-wave-2.13-2.15um-reg-compactness_fov44_pixSc0.7/imageReco_GRAVITY_K_prior-Dirac_wave-2.13-2.15_regul-compactness_mu-316.22776601683796_gamma-100.0_fov-44_pixSc-0.7.fits,3.993123509557,False,4602,5000,0.08271737957619,Dirac,compactness,316.22776601683796,100.0,,2.13,2.15,MgII
/home/rtc/Documents/rtpav/image_reco/GRAVITY_K/MIRA_prior-Dirac_MgII-wave-2.13-2.15um-reg-compactness_fov44_pixSc0.7/imageReco_GRAVITY_K_prior-Dirac_wave-2.13-2.15_regul-compactness_mu-100000.0_gamma-1.0_fov-44_pixSc-0.7.fits,4.356712652528,True,2060,2280,0.242646747417,Dirac,compactness,100000.0,1.0,,2.13,2.15,MgII
/home/rtc/Documents/rtpav/image_reco/GRAVITY_K/MIRA_prior-Dirac_MgII-wave-2.13-2.15um-reg-compactness_fov44_pixSc0.7/imageReco_GRAVITY_K_prior-Dirac_wave-2.13-2.15_regul-compactness_mu-100000.0_gamma-50.5_fov-44_pixSc-0.7.fits,4.039503970731,True,2010,2192,0.04464776748215,Dirac,compactness,100000.0,50.5,,2.13,2.15,MgII
/home/rtc/Documents/rtpav/image_reco/GRAVITY_K/MIRA_prior-Dirac_MgII-wave-2.13-2.15um-reg-compactness_fov44_pixSc0.7/imageReco_GRAVITY_K_prior-Dirac_wave-2.13-2.15_regul-compactness_mu-100000.0_gamma-100.0_fov-44_pixSc-0.7.fits,4.039402990106,True,1839,2002,0.04451636708219,Dirac,compactness,100000.0,100.0,,2.13,2.15,MgII
/home/rtc/Documents/rtpav/image_reco/GRAVITY_K/MIRA_prior-Dirac_MgII-wave-2.13-2.15um-reg-hyperbolic_fov44_pixSc0.7/imageReco_GRAVITY_K_prior-Dirac_wave-2.13-2.15_regul-hyperbolic_mu-0.0_tau-1e-06_fov-44_pixSc-0.7.fits,3.993740750287,False,4633,5000,0.0,Dirac,hyperbolic,0.0,,1e-06,2.13,2.15,MgII
/home/rtc/Documents/rtpav/image_reco/GRAVITY_K/MIRA_prior-Dirac_MgII-wave-2.13-2.15um-reg-hyperbolic_fov44_pixSc0.7/imageReco_GRAVITY_K_prior-Dirac_wave-2.13-2.15_regul-hyperbolic_mu-0.0_tau-0.0001_fov-44_pixSc-0.7.fits,3.993740750287,False,4633,5000,0.0,Dirac,hyperbolic,0.0,,0.0001,2.13,2.15,MgII
/home/rtc/Documents/rtpav/image_reco/GRAVITY_K/MIRA_prior-Dirac_MgII-wave-2.13-2.15um-reg-hyperbolic_fov44_pixSc0.7/imageReco_GRAVITY_K_prior-Dirac_wave-2.13-2.15_regul-hyperbolic_mu-0.0_tau-0.01_fov-44_pixSc-0.7.fits,3.993740750287,False,4633,5000,0.0,Dirac,hyperbolic,0.0,,0.01,2.13,2.15,MgII
/home/rtc/Documents/rtpav/image_reco/GRAVITY_K/MIRA_prior-Dirac_MgII-wave-2.13-2.15um-reg-hyperbolic_fov44_pixSc0.7/imageReco_GRAVITY_K_prior-Dirac_wave-2.13-2.15_regul-hyperbolic_mu-0.0_tau-1.0_fov-44_pixSc-0.7.fits,3.993740750287,False,4633,5000,0.0,Dirac,hyperbolic,0.0,,1.0,2.13,2.15,MgII
/home/rtc/Documents/rtpav/image_reco/GRAVITY_K/MIRA_prior-Dirac_MgII-wave-2.13-2.15um-reg-hyperbolic_fov44_pixSc0.7/imageReco_GRAVITY_K_prior-Dirac_wave-2.13-2.15_regul-hyperbolic_mu-1.0_tau-1e-06_fov-44_pixSc-0.7.fits,3.992610042116,False,4605,5000,2.458073324983,Dirac,hyperbolic,1.0,,1e-06,2.13,2.15,MgII
/home/rtc/Documents/rtpav/image_reco/GRAVITY_K/MIRA_prior-Dirac_MgII-wave-2.13-2.15um-reg-hyperbolic_fov44_pixSc0.7/imageReco_GRAVITY_K_prior-Dirac_wave-2.13-2.15_regul-hyperbolic_mu-1.0_tau-0.0001_fov-44_pixSc-0.7.fits,3.992698362281,True,4595,4996,2.434800964007,Dirac,hyperbolic,1.0,,0.0001,2.13,2.15,MgII
/home/rtc/Documents/rtpav/image_reco/GRAVITY_K/MIRA_prior-Dirac_MgII-wave-2.13-2.15um-reg-hyperbolic_fov44_pixSc0.7/imageReco_GRAVITY_K_prior-Dirac_wave-2.13-2.15_regul-hyperbolic_mu-1.0_tau-0.01_fov-44_pixSc-0.7.fits,3.992557470048,False,4611,5000,2.120918266752,Dirac,hyperbolic,1.0,,0.01,2.13,2.15,MgII
/home/rtc/Documents/rtpav/image_reco/GRAVITY_K/MIRA_prior-Dirac_MgII-wave-2.13-2.15um-reg-hyperbolic_fov44_pixSc0.7/imageReco_GRAVITY_K_prior-Dirac_wave-2.13-2.15_regul-hyperbolic_mu-1.0_tau-1.0_fov-44_pixSc-0.7.fits,3.992799558741,False,4591,5000,0.1295093827935,Dirac,hyperbolic,1.0,,1.0,2.13,2.15,MgII
/home/rtc/Documents/rtpav/image_reco/GRAVITY_K/MIRA_prior-Dirac_MgII-wave-2.13-2.15um-reg-hyperbolic_fov44_pixSc0.7/imageReco_GRAVITY_K_prior-Dirac_wave-2.13-2.15_regul-hyperbolic_mu-316.22776601683796_tau-1e-06_fov-44_pixSc-0.7.fits,4.011441998787,False,4648,5000,1.344029863572,Dirac,hyperbolic,316.22776601683796,,1e-06,2.13,2.15,MgII
/home/rtc/Documents/rtpav/image_reco/GRAVITY_K/MIRA_prior-Dirac_MgII-wave-2.13-2.15um-reg-hyperbolic_fov44_pixSc0.7/imageReco_GRAVITY_K_prior-Dirac_wave-2.13-2.15_regul-hyperbolic_mu-316.22776601683796_tau-0.0001_fov-44_pixSc-0.7.fits,4.011455439459,False,4648,5000,1.328385153524,Dirac,hyperbolic,316.22776601683796,,0.0001,2.13,2.15,MgII
/home/rtc/Documents/rtpav/image_reco/GRAVITY_K/MIRA_prior-Dirac_MgII-wave-2.13-2.15um-reg-hyperbolic_fov44_pixSc0.7/imageReco_GRAVITY_K_prior-Dirac_wave-2.13-2.15_regul-hyperbolic_mu-316.22776601683796_tau-0.01_fov-44_pixSc-0.7.fits,4.011054970081,False,4616,5000,0.989852196233,Dirac,hyperbolic,316.22776601683796,,0.01,2.13,2.15,MgII
/home/rtc/Documents/rtpav/image_reco/GRAVITY_K/MIRA_prior-Dirac_MgII-wave-2.13-2.15um-reg-hyperbolic_fov44_pixSc0.7/imageReco_GRAVITY_K_prior-Dirac_wave-2.13-2.15_regul-hyperbolic_mu-316.22776601683796_tau-1.0_fov-44_pixSc-0.7.fits,3.99477021882,False,4609,5000,0.08699087527349,Dirac,hyperbolic,316.22776601683796,,1.0,2.13,2.15,MgII
/home/rtc/Documents/rtpav/image_reco/GRAVITY_K/MIRA_prior-Dirac_MgII-wave-2.13-2.15um-reg-hyperbolic_fov44_pixSc0.7/imageReco_GRAVITY_K_prior-Dirac_wave-2.13-2.15_regul-hyperbolic_mu-100000.0_tau-1e-06_fov-44_pixSc-0.7.fits,4.271167658526,False,4893,5000,0.8973935135724,Dirac,hyperbolic,100000.0,,1e-06,2.13,2.15,MgII
/home/rtc/Documents/rtpav/image_reco/GRAVITY_K/MIRA_prior-Dirac_MgII-wave-2.13-2.15um-reg-hyperbolic_fov44_pixSc0.7/imageReco_GRAVITY_K_prior-Dirac_wave-2.13-2.15_regul-hyperbolic_mu-100000.0_tau-0.0001_fov-44_pixSc-0.7.fits,4.293432671373,True,1394,1513,0.8750262920173,Dirac,hyperbolic,100000.0,,0.0001,2.13,2.15,MgII
/home/rtc/Documents/rtpav/image_reco/GRAVITY_K/MIRA_prior-Dirac_MgII-wave-2.13-2.15um-reg-hyperbolic_fov44_pixSc0.7/imageReco_GRAVITY_K_prior-Dirac_wave-2.13-2.15_regul-hyperbolic_mu-100000.0_tau-0.01_fov-44_pixSc-0.7.fits,4.292697606973,True,1338,1471,0.5525936810676,Dirac,hyperbolic,100000.0,,0.01,2.13,2.15,MgII
/home/rtc/Documents/rtpav/image_reco/GRAVITY_K/MIRA_prior-Dirac_MgII-wave-2.13-2.15um-reg-hyperbolic_fov44_pixSc0.7/imageReco_GRAVITY_K_prior-Dirac_wave-2.13-2.15_regul-hyperbolic_mu-100000.0_tau-1.0_fov-44_pixSc-0.7.fits,4.060466390422,True,1348,1517,0.01471309925139,Dirac,hyperbolic,100000.0,,1.0,2.13,2.15,MgII
/home/rtc/Documents/rtpav/image_reco/GRAVITY_K/MIRA_prior-Dirac_Brg-wave-2.136-2.196um-reg-compactness_fov44_pixSc0.7/imageReco_GRAVITY_K_prior-Dirac_wave-2.136-2.196_regul-compactness_mu-0.0_gamma-1.0_fov-44_pixSc-0.7.fits,5.219812158146,False,4558,5000,0.0,Dirac,compactness,0.0,1.0,,2.136,2.196,Brg
/home/rtc/Documents/rtpav/image_reco/GRAVITY_K/MIRA_prior-Dirac_Brg-wave-2.136-2.196um-reg-compactness_fov44_pixSc0.7/imageReco_GRAVITY_K_prior-Dirac_wave-2.136-2.196_regul-compactness_mu-0.0_gamma-50.5_fov-44_pixSc-0.7.fits,5.219812158146,False,4558,5000,0.0,Dirac,compactness,0.0,50.5,,2.136,2.196,Brg
/home/rtc/Documents/rtpav/image_reco/GRAVITY_K/MIRA_prior-Dirac_Brg-wave-2.136-2.196um-reg-compactness_fov44_pixSc0.7/imageReco_GRAVITY_K_prior-Dirac_wave-2.136-2.196_regul-compactness_mu-0.0_gamma-100.0_fov-44_pixSc-0.7.fits,5.219812158146,False,4558,5000,0.0,Dirac,compactness,0.0,100.0,,2.136,2.196,Brg
/home/rtc/Documents/rtpav/image_reco/GRAVITY_K/MIRA_prior-Dirac_Brg-wave-2.136-2.196um-reg-compactness_fov44_pixSc0.7/imageReco_GRAVITY_K_prior-Dirac_wave-2.136-2.196_regul-compactness_mu-1.0_gamma-1.0_fov-44_pixSc-0.7.fits,5.227971150301,False,4578,5000,1.678699115888,Dirac,compactness,1.0,1.0,,2.136,2.196,Brg
/home/rtc/Documents/rtpav/image_reco/GRAVITY_K/MIRA_prior-Dirac_Brg-wave-2.136-2.196um-reg-compactness_fov44_pixSc0.7/imageReco_GRAVITY_K_prior-Dirac_wave-2.136-2.196_regul-compactness_mu-1.0_gamma-50.5_fov-44_pixSc-0.7.fits,5.219524393233,False,4551,5000,0.09840342139061,Dirac,compactness,1.0,50.5,,2.136,2.196,Brg
/home/rtc/Documents/rtpav/image_reco/GRAVITY_K/MIRA_prior-Dirac_Brg-wave-2.136-2.196um-reg-compactness_fov44_pixSc0.7/imageReco_GRAVITY_K_prior-Dirac_wave-2.136-2.196_regul-compactness_mu-1.0_gamma-100.0_fov-44_pixSc-0.7.fits,5.222776055166,False,4576,5000,0.1067235029717,Dirac,compactness,1.0,100.0,,2.136,2.196,Brg
/home/rtc/Documents/rtpav/image_reco/GRAVITY_K/MIRA_prior-Dirac_Brg-wave-2.136-2.196um-reg-compactness_fov44_pixSc0.7/imageReco_GRAVITY_K_prior-Dirac_wave-2.136-2.196_regul-compactness_mu-316.22776601683796_gamma-1.0_fov-44_pixSc-0.7.fits,5.23362462874,False,4613,5000,1.310201719368,Dirac,compactness,316.22776601683796,1.0,,2.136,2.196,Brg
/home/rtc/Documents/rtpav/image_reco/GRAVITY_K/MIRA_prior-Dirac_Brg-wave-2.136-2.196um-reg-compactness_fov44_pixSc0.7/imageReco_GRAVITY_K_prior-Dirac_wave-2.136-2.196_regul-compactness_mu-316.22776601683796_gamma-50.5_fov-44_pixSc-0.7.fits,5.221820609595,False,4542,5000,0.1068290320345,Dirac,compactness,316.22776601683796,50.5,,2.136,2.196,Brg
/home/rtc/Documents/rtpav/image_reco/GRAVITY_K/MIRA_prior-Dirac_Brg-wave-2.136-2.196um-reg-compactness_fov44_pixSc0.7/imageReco_GRAVITY_K_prior-Dirac_wave-2.136-2.196_regul-compactness_mu-316.22776601683796_gamma-100.0_fov-44_pixSc-0.7.fits,5.227077909149,False,4551,5000,0.1041258142518,Dirac,compactness,316.22776601683796,100.0,,2.136,2.196,Brg
/home/rtc/Documents/rtpav/image_reco/GRAVITY_K/MIRA_prior-Dirac_Brg-wave-2.136-2.196um-reg-compactness_fov44_pixSc0.7/imageReco_GRAVITY_K_prior-Dirac_wave-2.136-2.196_regul-compactness_mu-100000.0_gamma-1.0_fov-44_pixSc-0.7.fits,5.495206824776,True,3318,3624,0.2776681372862,Dirac,compactness,100000.0,1.0,,2.136,2.196,Brg
/home/rtc/Documents/rtpav/image_reco/GRAVITY_K/MIRA_prior-Dirac_Brg-wave-2.136-2.196um-reg-compactness_fov44_pixSc0.7/imageReco_GRAVITY_K_prior-Dirac_wave-2.136-2.196_regul-compactness_mu-100000.0_gamma-50.5_fov-44_pixSc-0.7.fits,5.232600804596,False,4564,5000,0.05015942218683,Dirac,compactness,100000.0,50.5,,2.136,2.196,Brg
/home/rtc/Documents/rtpav/image_reco/GRAVITY_K/MIRA_prior-Dirac_Brg-wave-2.136-2.196um-reg-compactness_fov44_pixSc0.7/imageReco_GRAVITY_K_prior-Dirac_wave-2.136-2.196_regul-compactness_mu-100000.0_gamma-100.0_fov-44_pixSc-0.7.fits,5.232319883052,True,4476,4869,0.04994909749583,Dirac,compactness,100000.0,100.0,,2.136,2.196,Brg
/home/rtc/Documents/rtpav/image_reco/GRAVITY_K/MIRA_prior-Dirac_Brg-wave-2.136-2.196um-reg-hyperbolic_fov44_pixSc0.7/imageReco_GRAVITY_K_prior-Dirac_wave-2.136-2.196_regul-hyperbolic_mu-0.0_tau-1e-06_fov-44_pixSc-0.7.fits,5.219812158146,False,4558,5000,0.0,Dirac,hyperbolic,0.0,,1e-06,2.136,2.196,Brg
/home/rtc/Documents/rtpav/image_reco/GRAVITY_K/MIRA_prior-Dirac_Brg-wave-2.136-2.196um-reg-hyperbolic_fov44_pixSc0.7/imageReco_GRAVITY_K_prior-Dirac_wave-2.136-2.196_regul-hyperbolic_mu-0.0_tau-0.0001_fov-44_pixSc-0.7.fits,5.219812158146,False,4558,5000,0.0,Dirac,hyperbolic,0.0,,0.0001,2.136,2.196,Brg
/home/rtc/Documents/rtpav/image_reco/GRAVITY_K/MIRA_prior-Dirac_Brg-wave-2.136-2.196um-reg-hyperbolic_fov44_pixSc0.7/imageReco_GRAVITY_K_prior-Dirac_wave-2.136-2.196_regul-hyperbolic_mu-0.0_tau-0.01_fov-44_pixSc-0.7.fits,5.219812158146,False,4558,5000,0.0,Dirac,hyperbolic,0.0,,0.01,2.136,2.196,Brg
/home/rtc/Documents/rtpav/image_reco/GRAVITY_K/MIRA_prior-Dirac_Brg-wave-2.136-2.196um-reg-hyperbolic_fov44_pixSc0.7/imageReco_GRAVITY_K_prior-Dirac_wave-2.136-2.196_regul-hyperbolic_mu-0.0_tau-1.0_fov-44_pixSc-0.7.fits,5.219812158146,False,4558,5000,0.0,Dirac,hyperbolic,0.0,,1.0,2.136,2.196,Brg
/home/rtc/Documents/rtpav/image_reco/GRAVITY_K/MIRA_prior-Dirac_Brg-wave-2.136-2.196um-reg-hyperbolic_fov44_pixSc0.7/imageReco_GRAVITY_K_prior-Dirac_wave-2.136-2.196_regul-hyperbolic_mu-1.0_tau-1e-06_fov-44_pixSc-0.7.fits,5.223597192345,True,4540,4999,2.90388971093,Dirac,hyperbolic,1.0,,1e-06,2.136,2.196,Brg
/home/rtc/Documents/rtpav/image_reco/GRAVITY_K/MIRA_prior-Dirac_Brg-wave-2.136-2.196um-reg-hyperbolic_fov44_pixSc0.7/imageReco_GRAVITY_K_prior-Dirac_wave-2.136-2.196_regul-hyperbolic_mu-1.0_tau-0.0001_fov-44_pixSc-0.7.fits,5.221271668172,False,4540,5000,2.809850414355,Dirac,hyperbolic,1.0,,0.0001,2.136,2.196,Brg
/home/rtc/Documents/rtpav/image_reco/GRAVITY_K/MIRA_prior-Dirac_Brg-wave-2.136-2.196um-reg-hyperbolic_fov44_pixSc0.7/imageReco_GRAVITY_K_prior-Dirac_wave-2.136-2.196_regul-hyperbolic_mu-1.0_tau-0.01_fov-44_pixSc-0.7.fits,5.224756236781,False,4566,5000,2.496822365279,Dirac,hyperbolic,1.0,,0.01,2.136,2.196,Brg
/home/rtc/Documents/rtpav/image_reco/GRAVITY_K/MIRA_prior-Dirac_Brg-wave-2.136-2.196um-reg-hyperbolic_fov44_pixSc0.7/imageReco_GRAVITY_K_prior-Dirac_wave-2.136-2.196_regul-hyperbolic_mu-1.0_tau-1.0_fov-44_pixSc-0.7.fits,5.222355802347,False,4538,5000,0.1756504237947,Dirac,hyperbolic,1.0,,1.0,2.136,2.196,Brg
/home/rtc/Documents/rtpav/image_reco/GRAVITY_K/MIRA_prior-Dirac_Brg-wave-2.136-2.196um-reg-hyperbolic_fov44_pixSc0.7/imageReco_GRAVITY_K_prior-Dirac_wave-2.136-2.196_regul-hyperbolic_mu-316.22776601683796_tau-1e-06_fov-44_pixSc-0.7.fits,5.215299372438,False,4571,5000,2.243875235517,Dirac,hyperbolic,316.22776601683796,,1e-06,2.136,2.196,Brg
/home/rtc/Documents/rtpav/image_reco/GRAVITY_K/MIRA_prior-Dirac_Brg-wave-2.136-2.196um-reg-hyperbolic_fov44_pixSc0.7/imageReco_GRAVITY_K_prior-Dirac_wave-2.136-2.196_regul-hyperbolic_mu-316.22776601683796_tau-0.0001_fov-44_pixSc-0.7.fits,5.208124394346,False,4557,5000,2.136920831556,Dirac,hyperbolic,316.22776601683796,,0.0001,2.136,2.196,Brg
/home/rtc/Documents/rtpav/image_reco/GRAVITY_K/MIRA_prior-Dirac_Brg-wave-2.136-2.196um-reg-hyperbolic_fov44_pixSc0.7/imageReco_GRAVITY_K_prior-Dirac_wave-2.136-2.196_regul-hyperbolic_mu-316.22776601683796_tau-0.01_fov-44_pixSc-0.7.fits,5.204870962116,False,4536,5000,1.634328091504,Dirac,hyperbolic,316.22776601683796,,0.01,2.136,2.196,Brg
/home/rtc/Documents/rtpav/image_reco/GRAVITY_K/MIRA_prior-Dirac_Brg-wave-2.136-2.196um-reg-hyperbolic_fov44_pixSc0.7/imageReco_GRAVITY_K_prior-Dirac_wave-2.136-2.196_regul-hyperbolic_mu-316.22776601683796_tau-1.0_fov-44_pixSc-0.7.fits,5.230971980897,False,4530,5000,0.1728167076941,Dirac,hyperbolic,316.22776601683796,,1.0,2.136,2.196,Brg
/home/rtc/Documents/rtpav/image_reco/GRAVITY_K/MIRA_prior-Dirac_Brg-wave-2.136-2.196um-reg-hyperbolic_fov44_pixSc0.7/imageReco_GRAVITY_K_prior-Dirac_wave-2.136-2.196_regul-hyperbolic_mu-100000.0_tau-1e-06_fov-44_pixSc-0.7.fits,5.42154740659,False,4929,5000,0.9184944991997,Dirac,hyperbolic,100000.0,,1e-06,2.136,2.196,Brg
/home/rtc/Documents/rtpav/image_reco/GRAVITY_K/MIRA_prior-Dirac_Brg-wave-2.136-2.196um-reg-hyperbolic_fov44_pixSc0.7/imageReco_GRAVITY_K_prior-Dirac_wave-2.136-2.196_regul-hyperbolic_mu-100000.0_tau-0.0001_fov-44_pixSc-0.7.fits,5.435975865202,False,4633,5000,0.8956463859929,Dirac,hyperbolic,100000.0,,0.0001,2.136,2.196,Brg
/home/rtc/Documents/rtpav/image_reco/GRAVITY_K/MIRA_prior-Dirac_Brg-wave-2.136-2.196um-reg-hyperbolic_fov44_pixSc0.7/imageReco_GRAVITY_K_prior-Dirac_wave-2.136-2.196_regul-hyperbolic_mu-100000.0_tau-0.01_fov-44_pixSc-0.7.fits,5.437455181999,True,2615,2837,0.5782986735279,Dirac,hyperbolic,100000.0,,0.01,2.136,2.196,Brg
/home/rtc/Documents/rtpav/image_reco/GRAVITY_K/MIRA_prior-Dirac_Brg-wave-2.136-2.196um-reg-hyperbolic_fov44_pixSc0.7/imageReco_GRAVITY_K_prior-Dirac_wave-2.136-2.196_regul-hyperbolic_mu-100000.0_tau-1.0_fov-44_pixSc-0.7.fits,5.308761958114,True,4494,4962,0.02143694866121,Dirac,hyperbolic,100000.0,,1.0,2.136,2.196,Brg
/home/rtc/Documents/rtpav/image_reco/GRAVITY_K/MIRA_prior-Dirac_NaI-wave-2.198-2.218um-reg-compactness_fov44_pixSc0.7/imageReco_GRAVITY_K_prior-Dirac_wave-2.198-2.218_regul-compactness_mu-0.0_gamma-1.0_fov-44_pixSc-0.7.fits,3.965100875893,False,4567,5000,0.0,Dirac,compactness,0.0,1.0,,2.198,2.218,NaI
/home/rtc/Documents/rtpav/image_reco/GRAVITY_K/MIRA_prior-Dirac_NaI-wave-2.198-2.218um-reg-compactness_fov44_pixSc0.7/imageReco_GRAVITY_K_prior-Dirac_wave-2.198-2.218_regul-compactness_mu-0.0_gamma-50.5_fov-44_pixSc-0.7.fits,3.965100875893,False,4567,5000,0.0,Dirac,compactness,0.0,50.5,,2.198,2.218,NaI
/home/rtc/Documents/rtpav/image_reco/GRAVITY_K/MIRA_prior-Dirac_NaI-wave-2.198-2.218um-reg-compactness_fov44_pixSc0.7/imageReco_GRAVITY_K_prior-Dirac_wave-2.198-2.218_regul-compactness_mu-0.0_gamma-100.0_fov-44_pixSc-0.7.fits,3.965100875893,False,4567,5000,0.0,Dirac,compactness,0.0,100.0,,2.198,2.218,NaI
/home/rtc/Documents/rtpav/image_reco/GRAVITY_K/MIRA_prior-Dirac_NaI-wave-2.198-2.218um-reg-compactness_fov44_pixSc0.7/imageReco_GRAVITY_K_prior-Dirac_wave-2.198-2.218_regul-compactness_mu-1.0_gamma-1.0_fov-44_pixSc-0.7.fits,3.965128007343,False,4528,5000,1.055304398956,Dirac,compactness,1.0,1.0,,2.198,2.218,NaI
/home/rtc/Documents/rtpav/image_reco/GRAVITY_K/MIRA_prior-Dirac_NaI-wave-2.198-2.218um-reg-compactness_fov44_pixSc0.7/imageReco_GRAVITY_K_prior-Dirac_wave-2.198-2.218_regul-compactness_mu-1.0_gamma-50.5_fov-44_pixSc-0.7.fits,3.965129466139,False,4574,5000,0.07766509245207,Dirac,compactness,1.0,50.5,,2.198,2.218,NaI
/home/rtc/Documents/rtpav/image_reco/GRAVITY_K/MIRA_prior-Dirac_NaI-wave-2.198-2.218um-reg-compactness_fov44_pixSc0.7/imageReco_GRAVITY_K_prior-Dirac_wave-2.198-2.218_regul-compactness_mu-1.0_gamma-100.0_fov-44_pixSc-0.7.fits,3.965136427612,False,4529,5000,0.07723389077061,Dirac,compactness,1.0,100.0,,2.198,2.218,NaI
/home/rtc/Documents/rtpav/image_reco/GRAVITY_K/MIRA_prior-Dirac_NaI-wave-2.198-2.218um-reg-compactness_fov44_pixSc0.7/imageReco_GRAVITY_K_prior-Dirac_wave-2.198-2.218_regul-compactness_mu-316.22776601683796_gamma-1.0_fov-44_pixSc-0.7.fits,3.9699178198,False,4566,5000,0.7435425227925,Dirac,compactness,316.22776601683796,1.0,,2.198,2.218,NaI
/home/rtc/Documents/rtpav/image_reco/GRAVITY_K/MIRA_prior-Dirac_NaI-wave-2.198-2.218um-reg-compactness_fov44_pixSc0.7/imageReco_GRAVITY_K_prior-Dirac_wave-2.198-2.218_regul-compactness_mu-316.22776601683796_gamma-50.5_fov-44_pixSc-0.7.fits,3.965109336213,False,4550,5000,0.0760510407275,Dirac,compactness,316.22776601683796,50.5,,2.198,2.218,NaI
/home/rtc/Documents/rtpav/image_reco/GRAVITY_K/MIRA_prior-Dirac_NaI-wave-2.198-2.218um-reg-compactness_fov44_pixSc0.7/imageReco_GRAVITY_K_prior-Dirac_wave-2.198-2.218_regul-compactness_mu-316.22776601683796_gamma-100.0_fov-44_pixSc-0.7.fits,3.965111227246,False,4550,5000,0.0757254999105,Dirac,compactness,316.22776601683796,100.0,,2.198,2.218,NaI
/home/rtc/Documents/rtpav/image_reco/GRAVITY_K/MIRA_prior-Dirac_NaI-wave-2.198-2.218um-reg-compactness_fov44_pixSc0.7/imageReco_GRAVITY_K_prior-Dirac_wave-2.198-2.218_regul-compactness_mu-100000.0_gamma-1.0_fov-44_pixSc-0.7.fits,4.335000552585,True,1391,1530,0.2415946097586,Dirac,compactness,100000.0,1.0,,2.198,2.218,NaI
/home/rtc/Documents/rtpav/image_reco/GRAVITY_K/MIRA_prior-Dirac_NaI-wave-2.198-2.218um-reg-compactness_fov44_pixSc0.7/imageReco_GRAVITY_K_prior-Dirac_wave-2.198-2.218_regul-compactness_mu-100000.0_gamma-50.5_fov-44_pixSc-0.7.fits,4.011766581102,True,1973,2150,0.04578430213819,Dirac,compactness,100000.0,50.5,,2.198,2.218,NaI
/home/rtc/Documents/rtpav/image_reco/GRAVITY_K/MIRA_prior-Dirac_NaI-wave-2.198-2.218um-reg-compactness_fov44_pixSc0.7/imageReco_GRAVITY_K_prior-Dirac_wave-2.198-2.218_regul-compactness_mu-100000.0_gamma-100.0_fov-44_pixSc-0.7.fits,4.011709240817,True,2082,2283,0.04565541548727,Dirac,compactness,100000.0,100.0,,2.198,2.218,NaI
/home/rtc/Documents/rtpav/image_reco/GRAVITY_K/MIRA_prior-Dirac_NaI-wave-2.198-2.218um-reg-hyperbolic_fov44_pixSc0.7/imageReco_GRAVITY_K_prior-Dirac_wave-2.198-2.218_regul-hyperbolic_mu-0.0_tau-1e-06_fov-44_pixSc-0.7.fits,3.965100875893,False,4567,5000,0.0,Dirac,hyperbolic,0.0,,1e-06,2.198,2.218,NaI
/home/rtc/Documents/rtpav/image_reco/GRAVITY_K/MIRA_prior-Dirac_NaI-wave-2.198-2.218um-reg-hyperbolic_fov44_pixSc0.7/imageReco_GRAVITY_K_prior-Dirac_wave-2.198-2.218_regul-hyperbolic_mu-0.0_tau-0.0001_fov-44_pixSc-0.7.fits,3.965100875893,False,4567,5000,0.0,Dirac,hyperbolic,0.0,,0.0001,2.198,2.218,NaI
/home/rtc/Documents/rtpav/image_reco/GRAVITY_K/MIRA_prior-Dirac_NaI-wave-2.198-2.218um-reg-hyperbolic_fov44_pixSc0.7/imageReco_GRAVITY_K_prior-Dirac_wave-2.198-2.218_regul-hyperbolic_mu-0.0_tau-0.01_fov-44_pixSc-0.7.fits,3.965100875893,False,4567,5000,0.0,Dirac,hyperbolic,0.0,,0.01,2.198,2.218,NaI
/home/rtc/Documents/rtpav/image_reco/GRAVITY_K/MIRA_prior-Dirac_NaI-wave-2.198-2.218um-reg-hyperbolic_fov44_pixSc0.7/imageReco_GRAVITY_K_prior-Dirac_wave-2.198-2.218_regul-hyperbolic_mu-0.0_tau-1.0_fov-44_pixSc-0.7.fits,3.965100875893,False,4567,5000,0.0,Dirac,hyperbolic,0.0,,1.0,2.198,2.218,NaI
/home/rtc/Documents/rtpav/image_reco/GRAVITY_K/MIRA_prior-Dirac_NaI-wave-2.198-2.218um-reg-hyperbolic_fov44_pixSc0.7/imageReco_GRAVITY_K_prior-Dirac_wave-2.198-2.218_regul-hyperbolic_mu-1.0_tau-1e-06_fov-44_pixSc-0.7.fits,3.965082051188,False,4578,5000,2.201011537554,Dirac,hyperbolic,1.0,,1e-06,2.198,2.218,NaI
/home/rtc/Documents/rtpav/image_reco/GRAVITY_K/MIRA_prior-Dirac_NaI-wave-2.198-2.218um-reg-hyperbolic_fov44_pixSc0.7/imageReco_GRAVITY_K_prior-Dirac_wave-2.198-2.218_regul-hyperbolic_mu-1.0_tau-0.0001_fov-44_pixSc-0.7.fits,3.96509108123,False,4541,5000,2.17477247763,Dirac,hyperbolic,1.0,,0.0001,2.198,2.218,NaI
/home/rtc/Documents/rtpav/image_reco/GRAVITY_K/MIRA_prior-Dirac_NaI-wave-2.198-2.218um-reg-hyperbolic_fov44_pixSc0.7/imageReco_GRAVITY_K_prior-Dirac_wave-2.198-2.218_regul-hyperbolic_mu-1.0_tau-0.01_fov-44_pixSc-0.7.fits,3.96506648733,False,4599,5000,1.859920613402,Dirac,hyperbolic,1.0,,0.01,2.198,2.218,NaI
/home/rtc/Documents/rtpav/image_reco/GRAVITY_K/MIRA_prior-Dirac_NaI-wave-2.198-2.218um-reg-hyperbolic_fov44_pixSc0.7/imageReco_GRAVITY_K_prior-Dirac_wave-2.198-2.218_regul-hyperbolic_mu-1.0_tau-1.0_fov-44_pixSc-0.7.fits,3.965108385164,False,4553,5000,0.09024012989903,Dirac,hyperbolic,1.0,,1.0,2.198,2.218,NaI
/home/rtc/Documents/rtpav/image_reco/GRAVITY_K/MIRA_prior-Dirac_NaI-wave-2.198-2.218um-reg-hyperbolic_fov44_pixSc0.7/imageReco_GRAVITY_K_prior-Dirac_wave-2.198-2.218_regul-hyperbolic_mu-316.22776601683796_tau-1e-06_fov-44_pixSc-0.7.fits,3.977794535309,True,4218,4604,1.483694108179,Dirac,hyperbolic,316.22776601683796,,1e-06,2.198,2.218,NaI
/home/rtc/Documents/rtpav/image_reco/GRAVITY_K/MIRA_prior-Dirac_NaI-wave-2.198-2.218um-reg-hyperbolic_fov44_pixSc0.7/imageReco_GRAVITY_K_prior-Dirac_wave-2.198-2.218_regul-hyperbolic_mu-316.22776601683796_tau-0.0001_fov-44_pixSc-0.7.fits,3.977779895673,True,4042,4374,1.470047742652,Dirac,hyperbolic,316.22776601683796,,0.0001,2.198,2.218,NaI
/home/rtc/Documents/rtpav/image_reco/GRAVITY_K/MIRA_prior-Dirac_NaI-wave-2.198-2.218um-reg-hyperbolic_fov44_pixSc0.7/imageReco_GRAVITY_K_prior-Dirac_wave-2.198-2.218_regul-hyperbolic_mu-316.22776601683796_tau-0.01_fov-44_pixSc-0.7.fits,3.978123679874,False,4618,5000,1.127188966045,Dirac,hyperbolic,316.22776601683796,,0.01,2.198,2.218,NaI
/home/rtc/Documents/rtpav/image_reco/GRAVITY_K/MIRA_prior-Dirac_NaI-wave-2.198-2.218um-reg-hyperbolic_fov44_pixSc0.7/imageReco_GRAVITY_K_prior-Dirac_wave-2.198-2.218_regul-hyperbolic_mu-316.22776601683796_tau-1.0_fov-44_pixSc-0.7.fits,3.965240085941,False,4588,5000,0.08050652719185,Dirac,hyperbolic,316.22776601683796,,1.0,2.198,2.218,NaI
/home/rtc/Documents/rtpav/image_reco/GRAVITY_K/MIRA_prior-Dirac_NaI-wave-2.198-2.218um-reg-hyperbolic_fov44_pixSc0.7/imageReco_GRAVITY_K_prior-Dirac_wave-2.198-2.218_regul-hyperbolic_mu-100000.0_tau-1e-06_fov-44_pixSc-0.7.fits,4.256110862739,False,4943,5000,0.9050652030389,Dirac,hyperbolic,100000.0,,1e-06,2.198,2.218,NaI
/home/rtc/Documents/rtpav/image_reco/GRAVITY_K/MIRA_prior-Dirac_NaI-wave-2.198-2.218um-reg-hyperbolic_fov44_pixSc0.7/imageReco_GRAVITY_K_prior-Dirac_wave-2.198-2.218_regul-hyperbolic_mu-100000.0_tau-0.0001_fov-44_pixSc-0.7.fits,4.252801672209,True,3359,3658,0.887712662688,Dirac,hyperbolic,100000.0,,0.0001,2.198,2.218,NaI
/home/rtc/Documents/rtpav/image_reco/GRAVITY_K/MIRA_prior-Dirac_NaI-wave-2.198-2.218um-reg-hyperbolic_fov44_pixSc0.7/imageReco_GRAVITY_K_prior-Dirac_wave-2.198-2.218_regul-hyperbolic_mu-100000.0_tau-0.01_fov-44_pixSc-0.7.fits,4.272266822297,True,681,816,0.5715908545781,Dirac,hyperbolic,100000.0,,0.01,2.198,2.218,NaI
/home/rtc/Documents/rtpav/image_reco/GRAVITY_K/MIRA_prior-Dirac_NaI-wave-2.198-2.218um-reg-hyperbolic_fov44_pixSc0.7/imageReco_GRAVITY_K_prior-Dirac_wave-2.198-2.218_regul-hyperbolic_mu-100000.0_tau-1.0_fov-44_pixSc-0.7.fits,4.036139299244,True,777,880,0.01489695792258,Dirac,hyperbolic,100000.0,,1.0,2.198,2.218,NaI
/home/rtc/Documents/rtpav/image_reco/GRAVITY_K/MIRA_prior-Dirac_NIII-wave-2.237-2.261um-reg-compactness_fov44_pixSc0.7/imageReco_GRAVITY_K_prior-Dirac_wave-2.237-2.261_regul-compactness_mu-0.0_gamma-1.0_fov-44_pixSc-0.7.fits,3.931920441017,True,1653,1871,0.0,Dirac,compactness,0.0,1.0,,2.237,2.261,NIII
/home/rtc/Documents/rtpav/image_reco/GRAVITY_K/MIRA_prior-Dirac_NIII-wave-2.237-2.261um-reg-compactness_fov44_pixSc0.7/imageReco_GRAVITY_K_prior-Dirac_wave-2.237-2.261_regul-compactness_mu-0.0_gamma-50.5_fov-44_pixSc-0.7.fits,3.931920441017,True,1653,1871,0.0,Dirac,compactness,0.0,50.5,,2.237,2.261,NIII
/home/rtc/Documents/rtpav/image_reco/GRAVITY_K/MIRA_prior-Dirac_NIII-wave-2.237-2.261um-reg-compactness_fov44_pixSc0.7/imageReco_GRAVITY_K_prior-Dirac_wave-2.237-2.261_regul-compactness_mu-0.0_gamma-100.0_fov-44_pixSc-0.7.fits,3.931920441017,True,1653,1871,0.0,Dirac,compactness,0.0,100.0,,2.237,2.261,NIII
/home/rtc/Documents/rtpav/image_reco/GRAVITY_K/MIRA_prior-Dirac_NIII-wave-2.237-2.261um-reg-compactness_fov44_pixSc0.7/imageReco_GRAVITY_K_prior-Dirac_wave-2.237-2.261_regul-compactness_mu-1.0_gamma-1.0_fov-44_pixSc-0.7.fits,3.93192044222,True,1378,1534,1.339995109052,Dirac,compactness,1.0,1.0,,2.237,2.261,NIII
/home/rtc/Documents/rtpav/image_reco/GRAVITY_K/MIRA_prior-Dirac_NIII-wave-2.237-2.261um-reg-compactness_fov44_pixSc0.7/imageReco_GRAVITY_K_prior-Dirac_wave-2.237-2.261_regul-compactness_mu-1.0_gamma-50.5_fov-44_pixSc-0.7.fits,3.931920441022,True,1565,1728,0.1177567758816,Dirac,compactness,1.0,50.5,,2.237,2.261,NIII
/home/rtc/Documents/rtpav/image_reco/GRAVITY_K/MIRA_prior-Dirac_NIII-wave-2.237-2.261um-reg-compactness_fov44_pixSc0.7/imageReco_GRAVITY_K_prior-Dirac_wave-2.237-2.261_regul-compactness_mu-1.0_gamma-100.0_fov-44_pixSc-0.7.fits,3.93192044102,True,1659,1842,0.1173996254041,Dirac,compactness,1.0,100.0,,2.237,2.261,NIII
/home/rtc/Documents/rtpav/image_reco/GRAVITY_K/MIRA_prior-Dirac_NIII-wave-2.237-2.261um-reg-compactness_fov44_pixSc0.7/imageReco_GRAVITY_K_prior-Dirac_wave-2.237-2.261_regul-compactness_mu-316.22776601683796_gamma-1.0_fov-44_pixSc-0.7.fits,3.932805066538,True,2674,2981,1.309581976966,Dirac,compactness,316.22776601683796,1.0,,2.237,2.261,NIII
/home/rtc/Documents/rtpav/image_reco/GRAVITY_K/MIRA_prior-Dirac_NIII-wave-2.237-2.261um-reg-compactness_fov44_pixSc0.7/imageReco_GRAVITY_K_prior-Dirac_wave-2.237-2.261_regul-compactness_mu-316.22776601683796_gamma-50.5_fov-44_pixSc-0.7.fits,3.931921096657,True,1697,1886,0.1177209593958,Dirac,compactness,316.22776601683796,50.5,,2.237,2.261,NIII
/home/rtc/Documents/rtpav/image_reco/GRAVITY_K/MIRA_prior-Dirac_NIII-wave-2.237-2.261um-reg-compactness_fov44_pixSc0.7/imageReco_GRAVITY_K_prior-Dirac_wave-2.237-2.261_regul-compactness_mu-316.22776601683796_gamma-100.0_fov-44_pixSc-0.7.fits,3.931921095244,True,1610,1803,0.1173638735098,Dirac,compactness,316.22776601683796,100.0,,2.237,2.261,NIII
/home/rtc/Documents/rtpav/image_reco/GRAVITY_K/MIRA_prior-Dirac_NIII-wave-2.237-2.261um-reg-compactness_fov44_pixSc0.7/imageReco_GRAVITY_K_prior-Dirac_wave-2.237-2.261_regul-compactness_mu-100000.0_gamma-1.0_fov-44_pixSc-0.7.fits,4.546004087492,True,1594,1773,0.2729452739094,Dirac,compactness,100000.0,1.0,,2.237,2.261,NIII
/home/rtc/Documents/rtpav/image_reco/GRAVITY_K/MIRA_prior-Dirac_NIII-wave-2.237-2.261um-reg-compactness_fov44_pixSc0.7/imageReco_GRAVITY_K_prior-Dirac_wave-2.237-2.261_regul-compactness_mu-100000.0_gamma-50.5_fov-44_pixSc-0.7.fits,3.980460588053,True,4029,4457,0.05109427529046,Dirac,compactness,100000.0,50.5,,2.237,2.261,NIII
/home/rtc/Documents/rtpav/image_reco/GRAVITY_K/MIRA_prior-Dirac_NIII-wave-2.237-2.261um-reg-compactness_fov44_pixSc0.7/imageReco_GRAVITY_K_prior-Dirac_wave-2.237-2.261_regul-compactness_mu-100000.0_gamma-100.0_fov-44_pixSc-0.7.fits,3.981132574879,True,3345,3683,0.05080222421173,Dirac,compactness,100000.0,100.0,,2.237,2.261,NIII
/home/rtc/Documents/rtpav/image_reco/GRAVITY_K/MIRA_prior-Dirac_NIII-wave-2.237-2.261um-reg-hyperbolic_fov44_pixSc0.7/imageReco_GRAVITY_K_prior-Dirac_wave-2.237-2.261_regul-hyperbolic_mu-0.0_tau-1e-06_fov-44_pixSc-0.7.fits,3.931920441017,True,1653,1871,0.0,Dirac,hyperbolic,0.0,,1e-06,2.237,2.261,NIII
/home/rtc/Documents/rtpav/image_reco/GRAVITY_K/MIRA_prior-Dirac_NIII-wave-2.237-2.261um-reg-hyperbolic_fov44_pixSc0.7/imageReco_GRAVITY_K_prior-Dirac_wave-2.237-2.261_regul-hyperbolic_mu-0.0_tau-0.0001_fov-44_pixSc-0.7.fits,3.931920441017,True,1653,1871,0.0,Dirac,hyperbolic,0.0,,0.0001,2.237,2.261,NIII
/home/rtc/Documents/rtpav/image_reco/GRAVITY_K/MIRA_prior-Dirac_NIII-wave-2.237-2.261um-reg-hyperbolic_fov44_pixSc0.7/imageReco_GRAVITY_K_prior-Dirac_wave-2.237-2.261_regul-hyperbolic_mu-0.0_tau-0.01_fov-44_pixSc-0.7.fits,3.931920441017,True,1653,1871,0.0,Dirac,hyperbolic,0.0,,0.01,2.237,2.261,NIII
/home/rtc/Documents/rtpav/image_reco/GRAVITY_K/MIRA_prior-Dirac_NIII-wave-2.237-2.261um-reg-hyperbolic_fov44_pixSc0.7/imageReco_GRAVITY_K_prior-Dirac_wave-2.237-2.261_regul-hyperbolic_mu-0.0_tau-1.0_fov-44_pixSc-0.7.fits,3.931920441017,True,1653,1871,0.0,Dirac,hyperbolic,0.0,,1.0,2.237,2.261,NIII
/home/rtc/Documents/rtpav/image_reco/GRAVITY_K/MIRA_prior-Dirac_NIII-wave-2.237-2.261um-reg-hyperbolic_fov44_pixSc0.7/imageReco_GRAVITY_K_prior-Dirac_wave-2.237-2.261_regul-hyperbolic_mu-1.0_tau-1e-06_fov-44_pixSc-0.7.fits,3.93192044324,True,1913,2123,2.885016482378,Dirac,hyperbolic,1.0,,1e-06,2.237,2.261,NIII
/home/rtc/Documents/rtpav/image_reco/GRAVITY_K/MIRA_prior-Dirac_NIII-wave-2.237-2.261um-reg-hyperbolic_fov44_pixSc0.7/imageReco_GRAVITY_K_prior-Dirac_wave-2.237-2.261_regul-hyperbolic_mu-1.0_tau-0.0001_fov-44_pixSc-0.7.fits,3.931920443035,True,1671,1887,2.873324737108,Dirac,hyperbolic,1.0,,0.0001,2.237,2.261,NIII
/home/rtc/Documents/rtpav/image_reco/GRAVITY_K/MIRA_prior-Dirac_NIII-wave-2.237-2.261um-reg-hyperbolic_fov44_pixSc0.7/imageReco_GRAVITY_K_prior-Dirac_wave-2.237-2.261_regul-hyperbolic_mu-1.0_tau-0.01_fov-44_pixSc-0.7.fits,3.931920443085,True,1518,1675,2.557346704787,Dirac,hyperbolic,1.0,,0.01,2.237,2.261,NIII
/home/rtc/Documents/rtpav/image_reco/GRAVITY_K/MIRA_prior-Dirac_NIII-wave-2.237-2.261um-reg-hyperbolic_fov44_pixSc0.7/imageReco_GRAVITY_K_prior-Dirac_wave-2.237-2.261_regul-hyperbolic_mu-1.0_tau-1.0_fov-44_pixSc-0.7.fits,3.931920441049,True,1627,1801,0.1916732802083,Dirac,hyperbolic,1.0,,1.0,2.237,2.261,NIII
/home/rtc/Documents/rtpav/image_reco/GRAVITY_K/MIRA_prior-Dirac_NIII-wave-2.237-2.261um-reg-hyperbolic_fov44_pixSc0.7/imageReco_GRAVITY_K_prior-Dirac_wave-2.237-2.261_regul-hyperbolic_mu-316.22776601683796_tau-1e-06_fov-44_pixSc-0.7.fits,3.938712648065,True,2907,3177,2.629644772697,Dirac,hyperbolic,316.22776601683796,,1e-06,2.237,2.261,NIII
/home/rtc/Documents/rtpav/image_reco/GRAVITY_K/MIRA_prior-Dirac_NIII-wave-2.237-2.261um-reg-hyperbolic_fov44_pixSc0.7/imageReco_GRAVITY_K_prior-Dirac_wave-2.237-2.261_regul-hyperbolic_mu-316.22776601683796_tau-0.0001_fov-44_pixSc-0.7.fits,3.938684690662,True,2941,3221,2.61881556999,Dirac,hyperbolic,316.22776601683796,,0.0001,2.237,2.261,NIII
/home/rtc/Documents/rtpav/image_reco/GRAVITY_K/MIRA_prior-Dirac_NIII-wave-2.237-2.261um-reg-hyperbolic_fov44_pixSc0.7/imageReco_GRAVITY_K_prior-Dirac_wave-2.237-2.261_regul-hyperbolic_mu-316.22776601683796_tau-0.01_fov-44_pixSc-0.7.fits,3.939170117061,True,3113,3423,2.279072170399,Dirac,hyperbolic,316.22776601683796,,0.01,2.237,2.261,NIII
/home/rtc/Documents/rtpav/image_reco/GRAVITY_K/MIRA_prior-Dirac_NIII-wave-2.237-2.261um-reg-hyperbolic_fov44_pixSc0.7/imageReco_GRAVITY_K_prior-Dirac_wave-2.237-2.261_regul-hyperbolic_mu-316.22776601683796_tau-1.0_fov-44_pixSc-0.7.fits,3.931925049988,True,1564,1714,0.1914207142662,Dirac,hyperbolic,316.22776601683796,,1.0,2.237,2.261,NIII
/home/rtc/Documents/rtpav/image_reco/GRAVITY_K/MIRA_prior-Dirac_NIII-wave-2.237-2.261um-reg-hyperbolic_fov44_pixSc0.7/imageReco_GRAVITY_K_prior-Dirac_wave-2.237-2.261_regul-hyperbolic_mu-100000.0_tau-1e-06_fov-44_pixSc-0.7.fits,4.551163767943,True,4620,4732,0.9411353183399,Dirac,hyperbolic,100000.0,,1e-06,2.237,2.261,NIII
/home/rtc/Documents/rtpav/image_reco/GRAVITY_K/MIRA_prior-Dirac_NIII-wave-2.237-2.261um-reg-hyperbolic_fov44_pixSc0.7/imageReco_GRAVITY_K_prior-Dirac_wave-2.237-2.261_regul-hyperbolic_mu-100000.0_tau-0.0001_fov-44_pixSc-0.7.fits,4.549233144516,True,1232,1342,0.9239969329066,Dirac,hyperbolic,100000.0,,0.0001,2.237,2.261,NIII
/home/rtc/Documents/rtpav/image_reco/GRAVITY_K/MIRA_prior-Dirac_NIII-wave-2.237-2.261um-reg-hyperbolic_fov44_pixSc0.7/imageReco_GRAVITY_K_prior-Dirac_wave-2.237-2.261_regul-hyperbolic_mu-100000.0_tau-0.01_fov-44_pixSc-0.7.fits,4.661541368042,True,972,1087,0.6106103349232,Dirac,hyperbolic,100000.0,,0.01,2.237,2.261,NIII
/home/rtc/Documents/rtpav/image_reco/GRAVITY_K/MIRA_prior-Dirac_NIII-wave-2.237-2.261um-reg-hyperbolic_fov44_pixSc0.7/imageReco_GRAVITY_K_prior-Dirac_wave-2.237-2.261_regul-hyperbolic_mu-100000.0_tau-1.0_fov-44_pixSc-0.7.fits,4.107017732102,True,1036,1249,0.02281030788124,Dirac,hyperbolic,100000.0,,1.0,2.237,2.261,NIII
/home/rtc/Documents/rtpav/image_reco/GRAVITY_K/MIRA_prior-Dirac_CO2-0-wave-2.2934-2.298um-reg-compactness_fov44_pixSc0.7/imageReco_GRAVITY_K_prior-Dirac_wave-2.2934-2.298_regul-compactness_mu-0.0_gamma-1.0_fov-44_pixSc-0.7.fits,33.60291275295,True,886,979,0.0,Dirac,compactness,0.0,1.0,,2.2934,2.298,CO2-0
/home/rtc/Documents/rtpav/image_reco/GRAVITY_K/MIRA_prior-Dirac_CO2-0-wave-2.2934-2.298um-reg-compactness_fov44_pixSc0.7/imageReco_GRAVITY_K_prior-Dirac_wave-2.2934-2.298_regul-compactness_mu-0.0_gamma-50.5_fov-44_pixSc-0.7.fits,33.60291275295,True,886,979,0.0,Dirac,compactness,0.0,50.5,,2.2934,2.298,CO2-0
/home/rtc/Documents/rtpav/image_reco/GRAVITY_K/MIRA_prior-Dirac_CO2-0-wave-2.2934-2.298um-reg-compactness_fov44_pixSc0.7/imageReco_GRAVITY_K_prior-Dirac_wave-2.2934-2.298_regul-compactness_mu-0.0_gamma-100.0_fov-44_pixSc-0.7.fits,33.60291275295,True,886,979,0.0,Dirac,compactness,0.0,100.0,,2.2934,2.298,CO2-0
/home/rtc/Documents/rtpav/image_reco/GRAVITY_K/MIRA_prior-Dirac_CO2-0-wave-2.2934-2.298um-reg-compactness_fov44_pixSc0.7/imageReco_GRAVITY_K_prior-Dirac_wave-2.2934-2.298_regul-compactness_mu-1.0_gamma-1.0_fov-44_pixSc-0.7.fits,33.60291277967,True,913,1039,1.223202049521,Dirac,compactness,1.0,1.0,,2.2934,2.298,CO2-0
/home/rtc/Documents/rtpav/image_reco/GRAVITY_K/MIRA_prior-Dirac_CO2-0-wave-2.2934-2.298um-reg-compactness_fov44_pixSc0.7/imageReco_GRAVITY_K_prior-Dirac_wave-2.2934-2.298_regul-compactness_mu-1.0_gamma-50.5_fov-44_pixSc-0.7.fits,33.60291275388,True,252,315,0.1059796783851,Dirac,compactness,1.0,50.5,,2.2934,2.298,CO2-0
/home/rtc/Documents/rtpav/image_reco/GRAVITY_K/MIRA_prior-Dirac_CO2-0-wave-2.2934-2.298um-reg-compactness_fov44_pixSc0.7/imageReco_GRAVITY_K_prior-Dirac_wave-2.2934-2.298_regul-compactness_mu-1.0_gamma-100.0_fov-44_pixSc-0.7.fits,33.60291275339,True,1380,1506,0.1056537654907,Dirac,compactness,1.0,100.0,,2.2934,2.298,CO2-0
/home/rtc/Documents/rtpav/image_reco/GRAVITY_K/MIRA_prior-Dirac_CO2-0-wave-2.2934-2.298um-reg-compactness_fov44_pixSc0.7/imageReco_GRAVITY_K_prior-Dirac_wave-2.2934-2.298_regul-compactness_mu-316.22776601683796_gamma-1.0_fov-44_pixSc-0.7.fits,33.63658705871,False,4606,5000,0.6184608804342,Dirac,compactness,316.22776601683796,1.0,,2.2934,2.298,CO2-0
/home/rtc/Documents/rtpav/image_reco/GRAVITY_K/MIRA_prior-Dirac_CO2-0-wave-2.2934-2.298um-reg-compactness_fov44_pixSc0.7/imageReco_GRAVITY_K_prior-Dirac_wave-2.2934-2.298_regul-compactness_mu-316.22776601683796_gamma-50.5_fov-44_pixSc-0.7.fits,33.60309291175,True,2586,2820,0.1047018598576,Dirac,compactness,316.22776601683796,50.5,,2.2934,2.298,CO2-0
/home/rtc/Documents/rtpav/image_reco/GRAVITY_K/MIRA_prior-Dirac_CO2-0-wave-2.2934-2.298um-reg-compactness_fov44_pixSc0.7/imageReco_GRAVITY_K_prior-Dirac_wave-2.2934-2.298_regul-compactness_mu-316.22776601683796_gamma-100.0_fov-44_pixSc-0.7.fits,33.60309500768,True,1903,2093,0.1043619247353,Dirac,compactness,316.22776601683796,100.0,,2.2934,2.298,CO2-0
/home/rtc/Documents/rtpav/image_reco/GRAVITY_K/MIRA_prior-Dirac_CO2-0-wave-2.2934-2.298um-reg-compactness_fov44_pixSc0.7/imageReco_GRAVITY_K_prior-Dirac_wave-2.2934-2.298_regul-compactness_mu-100000.0_gamma-1.0_fov-44_pixSc-0.7.fits,35.30208492675,True,813,886,0.2260224514865,Dirac,compactness,100000.0,1.0,,2.2934,2.298,CO2-0
/home/rtc/Documents/rtpav/image_reco/GRAVITY_K/MIRA_prior-Dirac_CO2-0-wave-2.2934-2.298um-reg-compactness_fov44_pixSc0.7/imageReco_GRAVITY_K_prior-Dirac_wave-2.2934-2.298_regul-compactness_mu-100000.0_gamma-50.5_fov-44_pixSc-0.7.fits,33.8091391076,True,534,657,0.04013241771648,Dirac,compactness,100000.0,50.5,,2.2934,2.298,CO2-0
/home/rtc/Documents/rtpav/image_reco/GRAVITY_K/MIRA_prior-Dirac_CO2-0-wave-2.2934-2.298um-reg-compactness_fov44_pixSc0.7/imageReco_GRAVITY_K_prior-Dirac_wave-2.2934-2.298_regul-compactness_mu-100000.0_gamma-100.0_fov-44_pixSc-0.7.fits,33.80873671623,True,458,528,0.0400112337157,Dirac,compactness,100000.0,100.0,,2.2934,2.298,CO2-0
/home/rtc/Documents/rtpav/image_reco/GRAVITY_K/MIRA_prior-Dirac_CO2-0-wave-2.2934-2.298um-reg-hyperbolic_fov44_pixSc0.7/imageReco_GRAVITY_K_prior-Dirac_wave-2.2934-2.298_regul-hyperbolic_mu-0.0_tau-1e-06_fov-44_pixSc-0.7.fits,33.60291275295,True,886,979,0.0,Dirac,hyperbolic,0.0,,1e-06,2.2934,2.298,CO2-0
/home/rtc/Documents/rtpav/image_reco/GRAVITY_K/MIRA_prior-Dirac_CO2-0-wave-2.2934-2.298um-reg-hyperbolic_fov44_pixSc0.7/imageReco_GRAVITY_K_prior-Dirac_wave-2.2934-2.298_regul-hyperbolic_mu-0.0_tau-0.0001_fov-44_pixSc-0.7.fits,33.60291275295,True,886,979,0.0,Dirac,hyperbolic,0.0,,0.0001,2.2934,2.298,CO2-0
/home/rtc/Documents/rtpav/image_reco/GRAVITY_K/MIRA_prior-Dirac_CO2-0-wave-2.2934-2.298um-reg-hyperbolic_fov44_pixSc0.7/imageReco_GRAVITY_K_prior-Dirac_wave-2.2934-2.298_regul-hyperbolic_mu-0.0_tau-0.01_fov-44_pixSc-0.7.fits,33.60291275295,True,886,979,0.0,Dirac,hyperbolic,0.0,,0.01,2.2934,2.298,CO2-0
/home/rtc/Documents/rtpav/image_reco/GRAVITY_K/MIRA_prior-Dirac_CO2-0-wave-2.2934-2.298um-reg-hyperbolic_fov44_pixSc0.7/imageReco_GRAVITY_K_prior-Dirac_wave-2.2934-2.298_regul-hyperbolic_mu-0.0_tau-1.0_fov-44_pixSc-0.7.fits,33.60291275295,True,886,979,0.0,Dirac,hyperbolic,0.0,,1.0,2.2934,2.298,CO2-0
/home/rtc/Documents/rtpav/image_reco/GRAVITY_K/MIRA_prior-Dirac_CO2-0-wave-2.2934-2.298um-reg-hyperbolic_fov44_pixSc0.7/imageReco_GRAVITY_K_prior-Dirac_wave-2.2934-2.298_regul-hyperbolic_mu-1.0_tau-1e-06_fov-44_pixSc-0.7.fits,33.60291279843,True,78,105,2.970445955598,Dirac,hyperbolic,1.0,,1e-06,2.2934,2.298,CO2-0
/home/rtc/Documents/rtpav/image_reco/GRAVITY_K/MIRA_prior-Dirac_CO2-0-wave-2.2934-2.298um-reg-hyperbolic_fov44_pixSc0.7/imageReco_GRAVITY_K_prior-Dirac_wave-2.2934-2.298_regul-hyperbolic_mu-1.0_tau-0.0001_fov-44_pixSc-0.7.fits,33.60291280123,True,369,408,2.956657748633,Dirac,hyperbolic,1.0,,0.0001,2.2934,2.298,CO2-0
/home/rtc/Documents/rtpav/image_reco/GRAVITY_K/MIRA_prior-Dirac_CO2-0-wave-2.2934-2.298um-reg-hyperbolic_fov44_pixSc0.7/imageReco_GRAVITY_K_prior-Dirac_wave-2.2934-2.298_regul-hyperbolic_mu-1.0_tau-0.01_fov-44_pixSc-0.7.fits,33.60291280168,True,31,57,2.608529056005,Dirac,hyperbolic,1.0,,0.01,2.2934,2.298,CO2-0
/home/rtc/Documents/rtpav/image_reco/GRAVITY_K/MIRA_prior-Dirac_CO2-0-wave-2.2934-2.298um-reg-hyperbolic_fov44_pixSc0.7/imageReco_GRAVITY_K_prior-Dirac_wave-2.2934-2.298_regul-hyperbolic_mu-1.0_tau-1.0_fov-44_pixSc-0.7.fits,33.60291275599,True,33,66,0.177871996128,Dirac,hyperbolic,1.0,,1.0,2.2934,2.298,CO2-0
/home/rtc/Documents/rtpav/image_reco/GRAVITY_K/MIRA_prior-Dirac_CO2-0-wave-2.2934-2.298um-reg-hyperbolic_fov44_pixSc0.7/imageReco_GRAVITY_K_prior-Dirac_wave-2.2934-2.298_regul-hyperbolic_mu-316.22776601683796_tau-1e-06_fov-44_pixSc-0.7.fits,33.69959684785,True,777,865,1.245460098594,Dirac,hyperbolic,316.22776601683796,,1e-06,2.2934,2.298,CO2-0
/home/rtc/Documents/rtpav/image_reco/GRAVITY_K/MIRA_prior-Dirac_CO2-0-wave-2.2934-2.298um-reg-hyperbolic_fov44_pixSc0.7/imageReco_GRAVITY_K_prior-Dirac_wave-2.2934-2.298_regul-hyperbolic_mu-316.22776601683796_tau-0.0001_fov-44_pixSc-0.7.fits,33.69941573388,True,749,877,1.232887757319,Dirac,hyperbolic,316.22776601683796,,0.0001,2.2934,2.298,CO2-0
/home/rtc/Documents/rtpav/image_reco/GRAVITY_K/MIRA_prior-Dirac_CO2-0-wave-2.2934-2.298um-reg-hyperbolic_fov44_pixSc0.7/imageReco_GRAVITY_K_prior-Dirac_wave-2.2934-2.298_regul-hyperbolic_mu-316.22776601683796_tau-0.01_fov-44_pixSc-0.7.fits,33.69670977074,True,405,456,0.8826224806326,Dirac,hyperbolic,316.22776601683796,,0.01,2.2934,2.298,CO2-0
/home/rtc/Documents/rtpav/image_reco/GRAVITY_K/MIRA_prior-Dirac_CO2-0-wave-2.2934-2.298um-reg-hyperbolic_fov44_pixSc0.7/imageReco_GRAVITY_K_prior-Dirac_wave-2.2934-2.298_regul-hyperbolic_mu-316.22776601683796_tau-1.0_fov-44_pixSc-0.7.fits,33.60357373015,True,2975,3357,0.1325761673641,Dirac,hyperbolic,316.22776601683796,,1.0,2.2934,2.298,CO2-0
/home/rtc/Documents/rtpav/image_reco/GRAVITY_K/MIRA_prior-Dirac_CO2-0-wave-2.2934-2.298um-reg-hyperbolic_fov44_pixSc0.7/imageReco_GRAVITY_K_prior-Dirac_wave-2.2934-2.298_regul-hyperbolic_mu-100000.0_tau-1e-06_fov-44_pixSc-0.7.fits,35.19832555808,False,4878,5000,0.8271919292718,Dirac,hyperbolic,100000.0,,1e-06,2.2934,2.298,CO2-0
/home/rtc/Documents/rtpav/image_reco/GRAVITY_K/MIRA_prior-Dirac_CO2-0-wave-2.2934-2.298um-reg-hyperbolic_fov44_pixSc0.7/imageReco_GRAVITY_K_prior-Dirac_wave-2.2934-2.298_regul-hyperbolic_mu-100000.0_tau-0.0001_fov-44_pixSc-0.7.fits,35.16984554712,True,636,695,0.8062382059545,Dirac,hyperbolic,100000.0,,0.0001,2.2934,2.298,CO2-0
/home/rtc/Documents/rtpav/image_reco/GRAVITY_K/MIRA_prior-Dirac_CO2-0-wave-2.2934-2.298um-reg-hyperbolic_fov44_pixSc0.7/imageReco_GRAVITY_K_prior-Dirac_wave-2.2934-2.298_regul-hyperbolic_mu-100000.0_tau-0.01_fov-44_pixSc-0.7.fits,35.33720654172,True,12,75,0.47529443972,Dirac,hyperbolic,100000.0,,0.01,2.2934,2.298,CO2-0
/home/rtc/Documents/rtpav/image_reco/GRAVITY_K/MIRA_prior-Dirac_CO2-0-wave-2.2934-2.298um-reg-hyperbolic_fov44_pixSc0.7/imageReco_GRAVITY_K_prior-Dirac_wave-2.2934-2.298_regul-hyperbolic_mu-100000.0_tau-1.0_fov-44_pixSc-0.7.fits,33.89435631237,True,319,405,0.01255293258369,Dirac,hyperbolic,100000.0,,1.0,2.2934,2.298,CO2-0
/home/rtc/Documents/rtpav/image_reco/GRAVITY_K/MIRA_prior-Dirac_CO3-1-wave-2.322-2.324um-reg-compactness_fov44_pixSc0.7/imageReco_GRAVITY_K_prior-Dirac_wave-2.322-2.324_regul-compactness_mu-0.0_gamma-1.0_fov-44_pixSc-0.7.fits,72.37512381464,True,2926,3230,0.0,Dirac,compactness,0.0,1.0,,2.322,2.324,CO3-1
/home/rtc/Documents/rtpav/image_reco/GRAVITY_K/MIRA_prior-Dirac_CO3-1-wave-2.322-2.324um-reg-compactness_fov44_pixSc0.7/imageReco_GRAVITY_K_prior-Dirac_wave-2.322-2.324_regul-compactness_mu-0.0_gamma-50.5_fov-44_pixSc-0.7.fits,72.37512381464,True,2926,3230,0.0,Dirac,compactness,0.0,50.5,,2.322,2.324,CO3-1
/home/rtc/Documents/rtpav/image_reco/GRAVITY_K/MIRA_prior-Dirac_CO3-1-wave-2.322-2.324um-reg-compactness_fov44_pixSc0.7/imageReco_GRAVITY_K_prior-Dirac_wave-2.322-2.324_regul-compactness_mu-0.0_gamma-100.0_fov-44_pixSc-0.7.fits,72.37512381464,True,2926,3230,0.0,Dirac,compactness,0.0,100.0,,2.322,2.324,CO3-1
/home/rtc/Documents/rtpav/image_reco/GRAVITY_K/MIRA_prior-Dirac_CO3-1-wave-2.322-2.324um-reg-compactness_fov44_pixSc0.7/imageReco_GRAVITY_K_prior-Dirac_wave-2.322-2.324_regul-compactness_mu-1.0_gamma-1.0_fov-44_pixSc-0.7.fits,72.37512682907,True,2586,2828,1.388598454915,Dirac,compactness,1.0,1.0,,2.322,2.324,CO3-1
/home/rtc/Documents/rtpav/image_reco/GRAVITY_K/MIRA_prior-Dirac_CO3-1-wave-2.322-2.324um-reg-compactness_fov44_pixSc0.7/imageReco_GRAVITY_K_prior-Dirac_wave-2.322-2.324_regul-compactness_mu-1.0_gamma-50.5_fov-44_pixSc-0.7.fits,72.37512382464,True,1965,2170,0.1007066432541,Dirac,compactness,1.0,50.5,,2.322,2.324,CO3-1
/home/rtc/Documents/rtpav/image_reco/GRAVITY_K/MIRA_prior-Dirac_CO3-1-wave-2.322-2.324um-reg-compactness_fov44_pixSc0.7/imageReco_GRAVITY_K_prior-Dirac_wave-2.322-2.324_regul-compactness_mu-1.0_gamma-100.0_fov-44_pixSc-0.7.fits,72.37512382527,True,2720,2963,0.1003285308343,Dirac,compactness,1.0,100.0,,2.322,2.324,CO3-1
/home/rtc/Documents/rtpav/image_reco/GRAVITY_K/MIRA_prior-Dirac_CO3-1-wave-2.322-2.324um-reg-compactness_fov44_pixSc0.7/imageReco_GRAVITY_K_prior-Dirac_wave-2.322-2.324_regul-compactness_mu-316.22776601683796_gamma-1.0_fov-44_pixSc-0.7.fits,72.47426068503,True,2045,2241,0.6999001268264,Dirac,compactness,316.22776601683796,1.0,,2.322,2.324,CO3-1
/home/rtc/Documents/rtpav/image_reco/GRAVITY_K/MIRA_prior-Dirac_CO3-1-wave-2.322-2.324um-reg-compactness_fov44_pixSc0.7/imageReco_GRAVITY_K_prior-Dirac_wave-2.322-2.324_regul-compactness_mu-316.22776601683796_gamma-50.5_fov-44_pixSc-0.7.fits,72.37644968798,True,667,751,0.09170933005779,Dirac,compactness,316.22776601683796,50.5,,2.322,2.324,CO3-1
/home/rtc/Documents/rtpav/image_reco/GRAVITY_K/MIRA_prior-Dirac_CO3-1-wave-2.322-2.324um-reg-compactness_fov44_pixSc0.7/imageReco_GRAVITY_K_prior-Dirac_wave-2.322-2.324_regul-compactness_mu-316.22776601683796_gamma-100.0_fov-44_pixSc-0.7.fits,72.37644738468,True,295,339,0.09135468872473,Dirac,compactness,316.22776601683796,100.0,,2.322,2.324,CO3-1
/home/rtc/Documents/rtpav/image_reco/GRAVITY_K/MIRA_prior-Dirac_CO3-1-wave-2.322-2.324um-reg-compactness_fov44_pixSc0.7/imageReco_GRAVITY_K_prior-Dirac_wave-2.322-2.324_regul-compactness_mu-100000.0_gamma-1.0_fov-44_pixSc-0.7.fits,76.41530245201,True,601,663,0.2049180877897,Dirac,compactness,100000.0,1.0,,2.322,2.324,CO3-1
/home/rtc/Documents/rtpav/image_reco/GRAVITY_K/MIRA_prior-Dirac_CO3-1-wave-2.322-2.324um-reg-compactness_fov44_pixSc0.7/imageReco_GRAVITY_K_prior-Dirac_wave-2.322-2.324_regul-compactness_mu-100000.0_gamma-50.5_fov-44_pixSc-0.7.fits,72.96283956301,True,448,499,0.03764569725978,Dirac,compactness,100000.0,50.5,,2.322,2.324,CO3-1
/home/rtc/Documents/rtpav/image_reco/GRAVITY_K/MIRA_prior-Dirac_CO3-1-wave-2.322-2.324um-reg-compactness_fov44_pixSc0.7/imageReco_GRAVITY_K_prior-Dirac_wave-2.322-2.324_regul-compactness_mu-100000.0_gamma-100.0_fov-44_pixSc-0.7.fits,72.95992467835,True,403,440,0.03755239421867,Dirac,compactness,100000.0,100.0,,2.322,2.324,CO3-1
/home/rtc/Documents/rtpav/image_reco/GRAVITY_K/MIRA_prior-Dirac_CO3-1-wave-2.322-2.324um-reg-hyperbolic_fov44_pixSc0.7/imageReco_GRAVITY_K_prior-Dirac_wave-2.322-2.324_regul-hyperbolic_mu-0.0_tau-1e-06_fov-44_pixSc-0.7.fits,72.37512381464,True,2926,3230,0.0,Dirac,hyperbolic,0.0,,1e-06,2.322,2.324,CO3-1
/home/rtc/Documents/rtpav/image_reco/GRAVITY_K/MIRA_prior-Dirac_CO3-1-wave-2.322-2.324um-reg-hyperbolic_fov44_pixSc0.7/imageReco_GRAVITY_K_prior-Dirac_wave-2.322-2.324_regul-hyperbolic_mu-0.0_tau-0.0001_fov-44_pixSc-0.7.fits,72.37512381464,True,2926,3230,0.0,Dirac,hyperbolic,0.0,,0.0001,2.322,2.324,CO3-1
/home/rtc/Documents/rtpav/image_reco/GRAVITY_K/MIRA_prior-Dirac_CO3-1-wave-2.322-2.324um-reg-hyperbolic_fov44_pixSc0.7/imageReco_GRAVITY_K_prior-Dirac_wave-2.322-2.324_regul-hyperbolic_mu-0.0_tau-0.01_fov-44_pixSc-0.7.fits,72.37512381464,True,2926,3230,0.0,Dirac,hyperbolic,0.0,,0.01,2.322,2.324,CO3-1
/home/rtc/Documents/rtpav/image_reco/GRAVITY_K/MIRA_prior-Dirac_CO3-1-wave-2.322-2.324um-reg-hyperbolic_fov44_pixSc0.7/imageReco_GRAVITY_K_prior-Dirac_wave-2.322-2.324_regul-hyperbolic_mu-0.0_tau-1.0_fov-44_pixSc-0.7.fits,72.37512381464,True,2926,3230,0.0,Dirac,hyperbolic,0.0,,1.0,2.322,2.324,CO3-1
/home/rtc/Documents/rtpav/image_reco/GRAVITY_K/MIRA_prior-Dirac_CO3-1-wave-2.322-2.324um-reg-hyperbolic_fov44_pixSc0.7/imageReco_GRAVITY_K_prior-Dirac_wave-2.322-2.324_regul-hyperbolic_mu-1.0_tau-1e-06_fov-44_pixSc-0.7.fits,72.37512469115,True,3351,3647,2.736695580899,Dirac,hyperbolic,1.0,,1e-06,2.322,2.324,CO3-1
/home/rtc/Documents/rtpav/image_reco/GRAVITY_K/MIRA_prior-Dirac_CO3-1-wave-2.322-2.324um-reg-hyperbolic_fov44_pixSc0.7/imageReco_GRAVITY_K_prior-Dirac_wave-2.322-2.324_regul-hyperbolic_mu-1.0_tau-0.0001_fov-44_pixSc-0.7.fits,72.37512471776,True,2171,2356,2.726144191441,Dirac,hyperbolic,1.0,,0.0001,2.322,2.324,CO3-1
/home/rtc/Documents/rtpav/image_reco/GRAVITY_K/MIRA_prior-Dirac_CO3-1-wave-2.322-2.324um-reg-hyperbolic_fov44_pixSc0.7/imageReco_GRAVITY_K_prior-Dirac_wave-2.322-2.324_regul-hyperbolic_mu-1.0_tau-0.01_fov-44_pixSc-0.7.fits,72.37512457357,True,1893,2066,2.363372694231,Dirac,hyperbolic,1.0,,0.01,2.322,2.324,CO3-1
/home/rtc/Documents/rtpav/image_reco/GRAVITY_K/MIRA_prior-Dirac_CO3-1-wave-2.322-2.324um-reg-hyperbolic_fov44_pixSc0.7/imageReco_GRAVITY_K_prior-Dirac_wave-2.322-2.324_regul-hyperbolic_mu-1.0_tau-1.0_fov-44_pixSc-0.7.fits,72.37512387537,True,3301,3620,0.1463546006557,Dirac,hyperbolic,1.0,,1.0,2.322,2.324,CO3-1
/home/rtc/Documents/rtpav/image_reco/GRAVITY_K/MIRA_prior-Dirac_CO3-1-wave-2.322-2.324um-reg-hyperbolic_fov44_pixSc0.7/imageReco_GRAVITY_K_prior-Dirac_wave-2.322-2.324_regul-hyperbolic_mu-316.22776601683796_tau-1e-06_fov-44_pixSc-0.7.fits,72.56191040662,True,1361,1433,1.367804112977,Dirac,hyperbolic,316.22776601683796,,1e-06,2.322,2.324,CO3-1
/home/rtc/Documents/rtpav/image_reco/GRAVITY_K/MIRA_prior-Dirac_CO3-1-wave-2.322-2.324um-reg-hyperbolic_fov44_pixSc0.7/imageReco_GRAVITY_K_prior-Dirac_wave-2.322-2.324_regul-hyperbolic_mu-316.22776601683796_tau-0.0001_fov-44_pixSc-0.7.fits,72.56174295947,True,1154,1260,1.356566067839,Dirac,hyperbolic,316.22776601683796,,0.0001,2.322,2.324,CO3-1
/home/rtc/Documents/rtpav/image_reco/GRAVITY_K/MIRA_prior-Dirac_CO3-1-wave-2.322-2.324um-reg-hyperbolic_fov44_pixSc0.7/imageReco_GRAVITY_K_prior-Dirac_wave-2.322-2.324_regul-hyperbolic_mu-316.22776601683796_tau-0.01_fov-44_pixSc-0.7.fits,72.56355459122,True,812,893,0.9707300054543,Dirac,hyperbolic,316.22776601683796,,0.01,2.322,2.324,CO3-1
/home/rtc/Documents/rtpav/image_reco/GRAVITY_K/MIRA_prior-Dirac_CO3-1-wave-2.322-2.324um-reg-hyperbolic_fov44_pixSc0.7/imageReco_GRAVITY_K_prior-Dirac_wave-2.322-2.324_regul-hyperbolic_mu-316.22776601683796_tau-1.0_fov-44_pixSc-0.7.fits,72.38288953709,True,272,374,0.1009739286429,Dirac,hyperbolic,316.22776601683796,,1.0,2.322,2.324,CO3-1
/home/rtc/Documents/rtpav/image_reco/GRAVITY_K/MIRA_prior-Dirac_CO3-1-wave-2.322-2.324um-reg-hyperbolic_fov44_pixSc0.7/imageReco_GRAVITY_K_prior-Dirac_wave-2.322-2.324_regul-hyperbolic_mu-100000.0_tau-1e-06_fov-44_pixSc-0.7.fits,75.44051036872,True,2974,3050,0.7880061313173,Dirac,hyperbolic,100000.0,,1e-06,2.322,2.324,CO3-1
/home/rtc/Documents/rtpav/image_reco/GRAVITY_K/MIRA_prior-Dirac_CO3-1-wave-2.322-2.324um-reg-hyperbolic_fov44_pixSc0.7/imageReco_GRAVITY_K_prior-Dirac_wave-2.322-2.324_regul-hyperbolic_mu-100000.0_tau-0.0001_fov-44_pixSc-0.7.fits,75.07742069247,True,1056,1116,0.7731740782283,Dirac,hyperbolic,100000.0,,0.0001,2.322,2.324,CO3-1
/home/rtc/Documents/rtpav/image_reco/GRAVITY_K/MIRA_prior-Dirac_CO3-1-wave-2.322-2.324um-reg-hyperbolic_fov44_pixSc0.7/imageReco_GRAVITY_K_prior-Dirac_wave-2.322-2.324_regul-hyperbolic_mu-100000.0_tau-0.01_fov-44_pixSc-0.7.fits,75.7515943012,True,154,202,0.4358220493365,Dirac,hyperbolic,100000.0,,0.01,2.322,2.324,CO3-1
/home/rtc/Documents/rtpav/image_reco/GRAVITY_K/MIRA_prior-Dirac_CO3-1-wave-2.322-2.324um-reg-hyperbolic_fov44_pixSc0.7/imageReco_GRAVITY_K_prior-Dirac_wave-2.322-2.324_regul-hyperbolic_mu-100000.0_tau-1.0_fov-44_pixSc-0.7.fits,73.11470194282,True,185,222,0.01016199589312,Dirac,hyperbolic,100000.0,,1.0,2.322,2.324,CO3-1
/home/rtc/Documents/rtpav/image_reco/GRAVITY_K/MIRA_prior-Dirac_CO4-2-wave-2.3525-2.3555um-reg-compactness_fov44_pixSc0.7/imageReco_GRAVITY_K_prior-Dirac_wave-2.3525-2.3555_regul-compactness_mu-0.0_gamma-1.0_fov-44_pixSc-0.7.fits,27.48722646781,True,28,50,0.0,Dirac,compactness,0.0,1.0,,2.3525,2.3555,CO4-2
/home/rtc/Documents/rtpav/image_reco/GRAVITY_K/MIRA_prior-Dirac_CO4-2-wave-2.3525-2.3555um-reg-compactness_fov44_pixSc0.7/imageReco_GRAVITY_K_prior-Dirac_wave-2.3525-2.3555_regul-compactness_mu-0.0_gamma-50.5_fov-44_pixSc-0.7.fits,27.48722646781,True,28,50,0.0,Dirac,compactness,0.0,50.5,,2.3525,2.3555,CO4-2
/home/rtc/Documents/rtpav/image_reco/GRAVITY_K/MIRA_prior-Dirac_CO4-2-wave-2.3525-2.3555um-reg-compactness_fov44_pixSc0.7/imageReco_GRAVITY_K_prior-Dirac_wave-2.3525-2.3555_regul-compactness_mu-0.0_gamma-100.0_fov-44_pixSc-0.7.fits,27.48722646781,True,28,50,0.0,Dirac,compactness,0.0,100.0,,2.3525,2.3555,CO4-2
/home/rtc/Documents/rtpav/image_reco/GRAVITY_K/MIRA_prior-Dirac_CO4-2-wave-2.3525-2.3555um-reg-compactness_fov44_pixSc0.7/imageReco_GRAVITY_K_prior-Dirac_wave-2.3525-2.3555_regul-compactness_mu-1.0_gamma-1.0_fov-44_pixSc-0.7.fits,27.48723892129,True,1565,1721,1.3661989204,Dirac,compactness,1.0,1.0,,2.3525,2.3555,CO4-2
/home/rtc/Documents/rtpav/image_reco/GRAVITY_K/MIRA_prior-Dirac_CO4-2-wave-2.3525-2.3555um-reg-compactness_fov44_pixSc0.7/imageReco_GRAVITY_K_prior-Dirac_wave-2.3525-2.3555_regul-compactness_mu-1.0_gamma-50.5_fov-44_pixSc-0.7.fits,27.48723366546,True,28,50,0.0930340152434,Dirac,compactness,1.0,50.5,,2.3525,2.3555,CO4-2
/home/rtc/Documents/rtpav/image_reco/GRAVITY_K/MIRA_prior-Dirac_CO4-2-wave-2.3525-2.3555um-reg-compactness_fov44_pixSc0.7/imageReco_GRAVITY_K_prior-Dirac_wave-2.3525-2.3555_regul-compactness_mu-1.0_gamma-100.0_fov-44_pixSc-0.7.fits,27.48723366548,True,48,82,0.09265895080949,Dirac,compactness,1.0,100.0,,2.3525,2.3555,CO4-2
/home/rtc/Documents/rtpav/image_reco/GRAVITY_K/MIRA_prior-Dirac_CO4-2-wave-2.3525-2.3555um-reg-compactness_fov44_pixSc0.7/imageReco_GRAVITY_K_prior-Dirac_wave-2.3525-2.3555_regul-compactness_mu-316.22776601683796_gamma-1.0_fov-44_pixSc-0.7.fits,27.54463640911,True,2185,2395,0.9189568348307,Dirac,compactness,316.22776601683796,1.0,,2.3525,2.3555,CO4-2
/home/rtc/Documents/rtpav/image_reco/GRAVITY_K/MIRA_prior-Dirac_CO4-2-wave-2.3525-2.3555um-reg-compactness_fov44_pixSc0.7/imageReco_GRAVITY_K_prior-Dirac_wave-2.3525-2.3555_regul-compactness_mu-316.22776601683796_gamma-50.5_fov-44_pixSc-0.7.fits,27.48741619753,True,345,406,0.08789391848354,Dirac,compactness,316.22776601683796,50.5,,2.3525,2.3555,CO4-2
/home/rtc/Documents/rtpav/image_reco/GRAVITY_K/MIRA_prior-Dirac_CO4-2-wave-2.3525-2.3555um-reg-compactness_fov44_pixSc0.7/imageReco_GRAVITY_K_prior-Dirac_wave-2.3525-2.3555_regul-compactness_mu-316.22776601683796_gamma-100.0_fov-44_pixSc-0.7.fits,27.48741514445,True,220,259,0.08754077284608,Dirac,compactness,316.22776601683796,100.0,,2.3525,2.3555,CO4-2
/home/rtc/Documents/rtpav/image_reco/GRAVITY_K/MIRA_prior-Dirac_CO4-2-wave-2.3525-2.3555um-reg-compactness_fov44_pixSc0.7/imageReco_GRAVITY_K_prior-Dirac_wave-2.3525-2.3555_regul-compactness_mu-100000.0_gamma-1.0_fov-44_pixSc-0.7.fits,31.00464544444,True,649,704,0.2084265309709,Dirac,compactness,100000.0,1.0,,2.3525,2.3555,CO4-2
/home/rtc/Documents/rtpav/image_reco/GRAVITY_K/MIRA_prior-Dirac_CO4-2-wave-2.3525-2.3555um-reg-compactness_fov44_pixSc0.7/imageReco_GRAVITY_K_prior-Dirac_wave-2.3525-2.3555_regul-compactness_mu-100000.0_gamma-50.5_fov-44_pixSc-0.7.fits,28.03946918734,True,339,375,0.03749323505758,Dirac,compactness,100000.0,50.5,,2.3525,2.3555,CO4-2
/home/rtc/Documents/rtpav/image_reco/GRAVITY_K/MIRA_prior-Dirac_CO4-2-wave-2.3525-2.3555um-reg-compactness_fov44_pixSc0.7/imageReco_GRAVITY_K_prior-Dirac_wave-2.3525-2.3555_regul-compactness_mu-100000.0_gamma-100.0_fov-44_pixSc-0.7.fits,28.03783939204,True,298,327,0.03738458386488,Dirac,compactness,100000.0,100.0,,2.3525,2.3555,CO4-2
/home/rtc/Documents/rtpav/image_reco/GRAVITY_K/MIRA_prior-Dirac_CO4-2-wave-2.3525-2.3555um-reg-hyperbolic_fov44_pixSc0.7/imageReco_GRAVITY_K_prior-Dirac_wave-2.3525-2.3555_regul-hyperbolic_mu-0.0_tau-1e-06_fov-44_pixSc-0.7.fits,27.48722646781,True,28,50,0.0,Dirac,hyperbolic,0.0,,1e-06,2.3525,2.3555,CO4-2
/home/rtc/Documents/rtpav/image_reco/GRAVITY_K/MIRA_prior-Dirac_CO4-2-wave-2.3525-2.3555um-reg-hyperbolic_fov44_pixSc0.7/imageReco_GRAVITY_K_prior-Dirac_wave-2.3525-2.3555_regul-hyperbolic_mu-0.0_tau-0.0001_fov-44_pixSc-0.7.fits,27.48722646781,True,28,50,0.0,Dirac,hyperbolic,0.0,,0.0001,2.3525,2.3555,CO4-2
/home/rtc/Documents/rtpav/image_reco/GRAVITY_K/MIRA_prior-Dirac_CO4-2-wave-2.3525-2.3555um-reg-hyperbolic_fov44_pixSc0.7/imageReco_GRAVITY_K_prior-Dirac_wave-2.3525-2.3555_regul-hyperbolic_mu-0.0_tau-0.01_fov-44_pixSc-0.7.fits,27.48722646781,True,28,50,0.0,Dirac,hyperbolic,0.0,,0.01,2.3525,2.3555,CO4-2
/home/rtc/Documents/rtpav/image_reco/GRAVITY_K/MIRA_prior-Dirac_CO4-2-wave-2.3525-2.3555um-reg-hyperbolic_fov44_pixSc0.7/imageReco_GRAVITY_K_prior-Dirac_wave-2.3525-2.3555_regul-hyperbolic_mu-0.0_tau-1.0_fov-44_pixSc-0.7.fits,27.48722646781,True,28,50,0.0,Dirac,hyperbolic,0.0,,1.0,2.3525,2.3555,CO4-2
/home/rtc/Documents/rtpav/image_reco/GRAVITY_K/MIRA_prior-Dirac_CO4-2-wave-2.3525-2.3555um-reg-hyperbolic_fov44_pixSc0.7/imageReco_GRAVITY_K_prior-Dirac_wave-2.3525-2.3555_regul-hyperbolic_mu-1.0_tau-1e-06_fov-44_pixSc-0.7.fits,27.48724606648,True,420,474,2.589279055735,Dirac,hyperbolic,1.0,,1e-06,2.3525,2.3555,CO4-2
/home/rtc/Documents/rtpav/image_reco/GRAVITY_K/MIRA_prior-Dirac_CO4-2-wave-2.3525-2.3555um-reg-hyperbolic_fov44_pixSc0.7/imageReco_GRAVITY_K_prior-Dirac_wave-2.3525-2.3555_regul-hyperbolic_mu-1.0_tau-0.0001_fov-44_pixSc-0.7.fits,27.48722801367,True,1082,1215,2.496056148024,Dirac,hyperbolic,1.0,,0.0001,2.3525,2.3555,CO4-2
/home/rtc/Documents/rtpav/image_reco/GRAVITY_K/MIRA_prior-Dirac_CO4-2-wave-2.3525-2.3555um-reg-hyperbolic_fov44_pixSc0.7/imageReco_GRAVITY_K_prior-Dirac_wave-2.3525-2.3555_regul-hyperbolic_mu-1.0_tau-0.01_fov-44_pixSc-0.7.fits,27.48724587109,True,149,179,2.214309901772,Dirac,hyperbolic,1.0,,0.01,2.3525,2.3555,CO4-2
/home/rtc/Documents/rtpav/image_reco/GRAVITY_K/MIRA_prior-Dirac_CO4-2-wave-2.3525-2.3555um-reg-hyperbolic_fov44_pixSc0.7/imageReco_GRAVITY_K_prior-Dirac_wave-2.3525-2.3555_regul-hyperbolic_mu-1.0_tau-1.0_fov-44_pixSc-0.7.fits,27.48722648125,True,1512,1647,0.1163132325073,Dirac,hyperbolic,1.0,,1.0,2.3525,2.3555,CO4-2
/home/rtc/Documents/rtpav/image_reco/GRAVITY_K/MIRA_prior-Dirac_CO4-2-wave-2.3525-2.3555um-reg-hyperbolic_fov44_pixSc0.7/imageReco_GRAVITY_K_prior-Dirac_wave-2.3525-2.3555_regul-hyperbolic_mu-316.22776601683796_tau-1e-06_fov-44_pixSc-0.7.fits,27.60629321702,True,1269,1362,1.679831520786,Dirac,hyperbolic,316.22776601683796,,1e-06,2.3525,2.3555,CO4-2
/home/rtc/Documents/rtpav/image_reco/GRAVITY_K/MIRA_prior-Dirac_CO4-2-wave-2.3525-2.3555um-reg-hyperbolic_fov44_pixSc0.7/imageReco_GRAVITY_K_prior-Dirac_wave-2.3525-2.3555_regul-hyperbolic_mu-316.22776601683796_tau-0.0001_fov-44_pixSc-0.7.fits,27.60696836584,True,1019,1122,1.665321597504,Dirac,hyperbolic,316.22776601683796,,0.0001,2.3525,2.3555,CO4-2
/home/rtc/Documents/rtpav/image_reco/GRAVITY_K/MIRA_prior-Dirac_CO4-2-wave-2.3525-2.3555um-reg-hyperbolic_fov44_pixSc0.7/imageReco_GRAVITY_K_prior-Dirac_wave-2.3525-2.3555_regul-hyperbolic_mu-316.22776601683796_tau-0.01_fov-44_pixSc-0.7.fits,27.60576789409,True,982,1094,1.288396219283,Dirac,hyperbolic,316.22776601683796,,0.01,2.3525,2.3555,CO4-2
/home/rtc/Documents/rtpav/image_reco/GRAVITY_K/MIRA_prior-Dirac_CO4-2-wave-2.3525-2.3555um-reg-hyperbolic_fov44_pixSc0.7/imageReco_GRAVITY_K_prior-Dirac_wave-2.3525-2.3555_regul-hyperbolic_mu-316.22776601683796_tau-1.0_fov-44_pixSc-0.7.fits,27.4883178687,True,34,55,0.1084369724449,Dirac,hyperbolic,316.22776601683796,,1.0,2.3525,2.3555,CO4-2
/home/rtc/Documents/rtpav/image_reco/GRAVITY_K/MIRA_prior-Dirac_CO4-2-wave-2.3525-2.3555um-reg-hyperbolic_fov44_pixSc0.7/imageReco_GRAVITY_K_prior-Dirac_wave-2.3525-2.3555_regul-hyperbolic_mu-100000.0_tau-1e-06_fov-44_pixSc-0.7.fits,30.6832013745,True,4188,4300,0.7760565889665,Dirac,hyperbolic,100000.0,,1e-06,2.3525,2.3555,CO4-2
/home/rtc/Documents/rtpav/image_reco/GRAVITY_K/MIRA_prior-Dirac_CO4-2-wave-2.3525-2.3555um-reg-hyperbolic_fov44_pixSc0.7/imageReco_GRAVITY_K_prior-Dirac_wave-2.3525-2.3555_regul-hyperbolic_mu-100000.0_tau-0.0001_fov-44_pixSc-0.7.fits,30.3867548734,True,497,535,0.757388148919,Dirac,hyperbolic,100000.0,,0.0001,2.3525,2.3555,CO4-2
/home/rtc/Documents/rtpav/image_reco/GRAVITY_K/MIRA_prior-Dirac_CO4-2-wave-2.3525-2.3555um-reg-hyperbolic_fov44_pixSc0.7/imageReco_GRAVITY_K_prior-Dirac_wave-2.3525-2.3555_regul-hyperbolic_mu-100000.0_tau-0.01_fov-44_pixSc-0.7.fits,30.79715151449,True,134,168,0.4141036409378,Dirac,hyperbolic,100000.0,,0.01,2.3525,2.3555,CO4-2
/home/rtc/Documents/rtpav/image_reco/GRAVITY_K/MIRA_prior-Dirac_CO4-2-wave-2.3525-2.3555um-reg-hyperbolic_fov44_pixSc0.7/imageReco_GRAVITY_K_prior-Dirac_wave-2.3525-2.3555_regul-hyperbolic_mu-100000.0_tau-1.0_fov-44_pixSc-0.7.fits,28.20303390916,True,216,408,0.01132531661749,Dirac,hyperbolic,100000.0,,1.0,2.3525,2.3555,CO4-2
